date,year,isoWeek,month,day,epi_week,epi_year,Count
2010-12-13,2010,50,12,1,50,2010,614
2010-12-14,2010,50,12,2,50,2010,488
2010-12-15,2010,50,12,3,50,2010,404
2010-12-16,2010,50,12,4,50,2010,393
2010-12-17,2010,50,12,5,50,2010,366
2010-12-18,2010,50,12,6,50,2010,157
2010-12-19,2010,50,12,7,50,2010,71
2010-12-20,2010,51,12,1,51,2010,540
2010-12-21,2010,51,12,2,51,2010,400
2010-12-22,2010,51,12,3,51,2010,347
2010-12-23,2010,51,12,4,51,2010,314
2010-12-24,2010,51,12,5,51,2010,296
2010-12-25,2010,51,12,6,51,2010,146
2010-12-26,2010,51,12,7,51,2010,104
2010-12-27,2010,52,12,1,52,2010,400
2010-12-28,2010,52,12,2,52,2010,304
2010-12-29,2010,52,12,3,52,2010,230
2010-12-30,2010,52,12,4,52,2010,203
2010-12-31,2010,52,12,5,52,2010,124
2011-01-01,2011,52,1,6,52,2010,41
2011-01-02,2011,52,1,7,52,2010,58
2011-01-03,2011,1,1,1,1,2011,164
2011-01-04,2011,1,1,2,1,2011,160
2011-01-05,2011,1,1,3,1,2011,165
2011-01-06,2011,1,1,4,1,2011,135
2011-01-07,2011,1,1,5,1,2011,101
2011-01-08,2011,1,1,6,1,2011,111
2011-01-09,2011,1,1,7,1,2011,125
2011-01-10,2011,2,1,1,2,2011,173
2011-01-11,2011,2,1,2,2,2011,383
2011-01-12,2011,2,1,3,2,2011,339
2011-01-13,2011,2,1,4,2,2011,251
2011-01-14,2011,2,1,5,2,2011,228
2011-01-15,2011,2,1,6,2,2011,86
2011-01-16,2011,2,1,7,2,2011,74
2011-01-17,2011,3,1,1,3,2011,365
2011-01-18,2011,3,1,2,3,2011,286
2011-01-19,2011,3,1,3,3,2011,292
2011-01-20,2011,3,1,4,3,2011,322
2011-01-21,2011,3,1,5,3,2011,278
2011-01-22,2011,3,1,6,3,2011,137
2011-01-23,2011,3,1,7,3,2011,103
2011-01-24,2011,4,1,1,4,2011,583
2011-01-25,2011,4,1,2,4,2011,461
2011-01-26,2011,4,1,3,4,2011,450
2011-01-27,2011,4,1,4,4,2011,384
2011-01-28,2011,4,1,5,4,2011,434
2011-01-29,2011,4,1,6,4,2011,211
2011-01-30,2011,4,1,7,4,2011,140
2011-01-31,2011,5,1,1,5,2011,722
2011-02-01,2011,5,2,2,5,2011,678
2011-02-02,2011,5,2,3,5,2011,584
2011-02-03,2011,5,2,4,5,2011,490
2011-02-04,2011,5,2,5,5,2011,510
2011-02-05,2011,5,2,6,5,2011,253
2011-02-06,2011,5,2,7,5,2011,173
2011-02-07,2011,6,2,1,6,2011,914
2011-02-08,2011,6,2,2,6,2011,772
2011-02-09,2011,6,2,3,6,2011,686
2011-02-10,2011,6,2,4,6,2011,620
2011-02-11,2011,6,2,5,6,2011,500
2011-02-12,2011,6,2,6,6,2011,274
2011-02-13,2011,6,2,7,6,2011,200
2011-02-14,2011,7,2,1,7,2011,1075
2011-02-15,2011,7,2,2,7,2011,736
2011-02-16,2011,7,2,3,7,2011,653
2011-02-17,2011,7,2,4,7,2011,664
2011-02-18,2011,7,2,5,7,2011,550
2011-02-19,2011,7,2,6,7,2011,242
2011-02-20,2011,7,2,7,7,2011,196
2011-02-21,2011,8,2,1,8,2011,612
2011-02-22,2011,8,2,2,8,2011,500
2011-02-23,2011,8,2,3,8,2011,125
2011-02-24,2011,8,2,4,8,2011,492
2011-02-25,2011,8,2,5,8,2011,412
2011-02-26,2011,8,2,6,8,2011,126
2011-02-27,2011,8,2,7,8,2011,103
2011-02-28,2011,9,2,1,9,2011,575
2011-03-01,2011,9,3,2,9,2011,412
2011-03-02,2011,9,3,3,9,2011,381
2011-03-03,2011,9,3,4,9,2011,318
2011-03-04,2011,9,3,5,9,2011,354
2011-03-05,2011,9,3,6,9,2011,303
2011-03-06,2011,9,3,7,9,2011,125
2011-03-07,2011,10,3,1,10,2011,208
2011-03-08,2011,10,3,2,10,2011,90
2011-03-09,2011,10,3,3,10,2011,580
2011-03-10,2011,10,3,4,10,2011,408
2011-03-11,2011,10,3,5,10,2011,349
2011-03-12,2011,10,3,6,10,2011,142
2011-03-13,2011,10,3,7,10,2011,68
2011-03-14,2011,11,3,1,11,2011,430
2011-03-15,2011,11,3,2,11,2011,436
2011-03-16,2011,11,3,3,11,2011,393
2011-03-17,2011,11,3,4,11,2011,338
2011-03-18,2011,11,3,5,11,2011,300
2011-03-19,2011,11,3,6,11,2011,102
2011-03-20,2011,11,3,7,11,2011,62
2011-03-21,2011,12,3,1,12,2011,533
2011-03-22,2011,12,3,2,12,2011,446
2011-03-23,2011,12,3,3,12,2011,385
2011-03-24,2011,12,3,4,12,2011,337
2011-03-25,2011,12,3,5,12,2011,285
2011-03-26,2011,12,3,6,12,2011,151
2011-03-27,2011,12,3,7,12,2011,85
2011-03-28,2011,13,3,1,13,2011,572
2011-03-29,2011,13,3,2,13,2011,405
2011-03-30,2011,13,3,3,13,2011,274
2011-03-31,2011,13,3,4,13,2011,293
2011-04-01,2011,13,4,5,13,2011,281
2011-04-02,2011,13,4,6,13,2011,120
2011-04-03,2011,13,4,7,13,2011,89
2011-04-04,2011,14,4,1,14,2011,521
2011-04-05,2011,14,4,2,14,2011,444
2011-04-06,2011,14,4,3,14,2011,302
2011-04-07,2011,14,4,4,14,2011,310
2011-04-08,2011,14,4,5,14,2011,300
2011-04-09,2011,14,4,6,14,2011,141
2011-04-10,2011,14,4,7,14,2011,70
2011-04-11,2011,15,4,1,15,2011,509
2011-04-12,2011,15,4,2,15,2011,418
2011-04-13,2011,15,4,3,15,2011,394
2011-04-14,2011,15,4,4,15,2011,355
2011-04-15,2011,15,4,5,15,2011,246
2011-04-16,2011,15,4,6,15,2011,166
2011-04-17,2011,15,4,7,15,2011,77
2011-04-18,2011,16,4,1,16,2011,443
2011-04-19,2011,16,4,2,16,2011,390
2011-04-20,2011,16,4,3,16,2011,325
2011-04-21,2011,16,4,4,16,2011,319
2011-04-22,2011,16,4,5,16,2011,276
2011-04-23,2011,16,4,6,16,2011,89
2011-04-24,2011,16,4,7,16,2011,59
2011-04-25,2011,17,4,1,17,2011,433
2011-04-26,2011,17,4,2,17,2011,375
2011-04-27,2011,17,4,3,17,2011,122
2011-04-28,2011,17,4,4,17,2011,341
2011-04-29,2011,17,4,5,17,2011,332
2011-04-30,2011,17,4,6,17,2011,125
2011-05-01,2011,17,5,7,17,2011,54
2011-05-02,2011,18,5,1,18,2011,78
2011-05-03,2011,18,5,2,18,2011,463
2011-05-04,2011,18,5,3,18,2011,404
2011-05-05,2011,18,5,4,18,2011,279
2011-05-06,2011,18,5,5,18,2011,267
2011-05-07,2011,18,5,6,18,2011,104
2011-05-08,2011,18,5,7,18,2011,44
2011-05-09,2011,19,5,1,19,2011,72
2011-05-10,2011,19,5,2,19,2011,363
2011-05-11,2011,19,5,3,19,2011,392
2011-05-12,2011,19,5,4,19,2011,291
2011-05-13,2011,19,5,5,19,2011,247
2011-05-14,2011,19,5,6,19,2011,93
2011-05-15,2011,19,5,7,19,2011,53
2011-05-16,2011,20,5,1,20,2011,302
2011-05-17,2011,20,5,2,20,2011,315
2011-05-18,2011,20,5,3,20,2011,283
2011-05-19,2011,20,5,4,20,2011,203
2011-05-20,2011,20,5,5,20,2011,214
2011-05-21,2011,20,5,6,20,2011,99
2011-05-22,2011,20,5,7,20,2011,67
2011-05-23,2011,21,5,1,21,2011,327
2011-05-24,2011,21,5,2,21,2011,236
2011-05-25,2011,21,5,3,21,2011,259
2011-05-26,2011,21,5,4,21,2011,211
2011-05-27,2011,21,5,5,21,2011,212
2011-05-28,2011,21,5,6,21,2011,92
2011-05-29,2011,21,5,7,21,2011,39
2011-05-30,2011,22,5,1,22,2011,315
2011-05-31,2011,22,5,2,22,2011,224
2011-06-01,2011,22,6,3,22,2011,236
2011-06-02,2011,22,6,4,22,2011,182
2011-06-03,2011,22,6,5,22,2011,175
2011-06-04,2011,22,6,6,22,2011,76
2011-06-05,2011,22,6,7,22,2011,40
2011-06-06,2011,23,6,1,23,2011,264
2011-06-07,2011,23,6,2,23,2011,213
2011-06-08,2011,23,6,3,23,2011,202
2011-06-09,2011,23,6,4,23,2011,183
2011-06-10,2011,23,6,5,23,2011,141
2011-06-11,2011,23,6,6,23,2011,85
2011-06-12,2011,23,6,7,23,2011,52
2011-06-13,2011,24,6,1,24,2011,NA
2011-06-14,2011,24,6,2,24,2011,NA
2011-06-15,2011,24,6,3,24,2011,NA
2011-06-16,2011,24,6,4,24,2011,NA
2011-06-17,2011,24,6,5,24,2011,NA
2011-06-18,2011,24,6,6,24,2011,NA
2011-06-19,2011,24,6,7,24,2011,NA
2011-06-20,2011,25,6,1,25,2011,NA
2011-06-21,2011,25,6,2,25,2011,NA
2011-06-22,2011,25,6,3,25,2011,NA
2011-06-23,2011,25,6,4,25,2011,NA
2011-06-24,2011,25,6,5,25,2011,NA
2011-06-25,2011,25,6,6,25,2011,NA
2011-06-26,2011,25,6,7,25,2011,NA
2011-06-27,2011,26,6,1,26,2011,NA
2011-06-28,2011,26,6,2,26,2011,NA
2011-06-29,2011,26,6,3,26,2011,NA
2011-06-30,2011,26,6,4,26,2011,NA
2011-07-01,2011,26,7,5,26,2011,NA
2011-07-02,2011,26,7,6,26,2011,NA
2011-07-03,2011,26,7,7,26,2011,NA
2011-07-04,2011,27,7,1,27,2011,NA
2011-07-05,2011,27,7,2,27,2011,NA
2011-07-06,2011,27,7,3,27,2011,NA
2011-07-07,2011,27,7,4,27,2011,NA
2011-07-08,2011,27,7,5,27,2011,NA
2011-07-09,2011,27,7,6,27,2011,NA
2011-07-10,2011,27,7,7,27,2011,NA
2011-07-11,2011,28,7,1,28,2011,NA
2011-07-12,2011,28,7,2,28,2011,NA
2011-07-13,2011,28,7,3,28,2011,NA
2011-07-14,2011,28,7,4,28,2011,NA
2011-07-15,2011,28,7,5,28,2011,NA
2011-07-16,2011,28,7,6,28,2011,NA
2011-07-17,2011,28,7,7,28,2011,NA
2011-07-18,2011,29,7,1,29,2011,NA
2011-07-19,2011,29,7,2,29,2011,NA
2011-07-20,2011,29,7,3,29,2011,NA
2011-07-21,2011,29,7,4,29,2011,NA
2011-07-22,2011,29,7,5,29,2011,NA
2011-07-23,2011,29,7,6,29,2011,NA
2011-07-24,2011,29,7,7,29,2011,NA
2011-07-25,2011,30,7,1,30,2011,NA
2011-07-26,2011,30,7,2,30,2011,126
2011-07-27,2011,30,7,3,30,2011,131
2011-07-28,2011,30,7,4,30,2011,107
2011-07-29,2011,30,7,5,30,2011,120
2011-07-30,2011,30,7,6,30,2011,37
2011-07-31,2011,30,7,7,30,2011,32
2011-08-01,2011,31,8,1,31,2011,143
2011-08-02,2011,31,8,2,31,2011,115
2011-08-03,2011,31,8,3,31,2011,118
2011-08-04,2011,31,8,4,31,2011,99
2011-08-05,2011,31,8,5,31,2011,94
2011-08-06,2011,31,8,6,31,2011,52
2011-08-07,2011,31,8,7,31,2011,27
2011-08-08,2011,32,8,1,32,2011,129
2011-08-09,2011,32,8,2,32,2011,103
2011-08-10,2011,32,8,3,32,2011,129
2011-08-11,2011,32,8,4,32,2011,141
2011-08-12,2011,32,8,5,32,2011,151
2011-08-13,2011,32,8,6,32,2011,27
2011-08-14,2011,32,8,7,32,2011,57
2011-08-15,2011,33,8,1,33,2011,145
2011-08-16,2011,33,8,2,33,2011,136
2011-08-17,2011,33,8,3,33,2011,96
2011-08-18,2011,33,8,4,33,2011,113
2011-08-19,2011,33,8,5,33,2011,121
2011-08-20,2011,33,8,6,33,2011,42
2011-08-21,2011,33,8,7,33,2011,47
2011-08-22,2011,34,8,1,34,2011,163
2011-08-23,2011,34,8,2,34,2011,148
2011-08-24,2011,34,8,3,34,2011,153
2011-08-25,2011,34,8,4,34,2011,112
2011-08-26,2011,34,8,5,34,2011,132
2011-08-27,2011,34,8,6,34,2011,57
2011-08-28,2011,34,8,7,34,2011,49
2011-08-29,2011,35,8,1,35,2011,177
2011-08-30,2011,35,8,2,35,2011,155
2011-08-31,2011,35,8,3,35,2011,153
2011-09-01,2011,35,9,4,35,2011,139
2011-09-02,2011,35,9,5,35,2011,136
2011-09-03,2011,35,9,6,35,2011,68
2011-09-04,2011,35,9,7,35,2011,31
2011-09-05,2011,36,9,1,36,2011,267
2011-09-06,2011,36,9,2,36,2011,188
2011-09-07,2011,36,9,3,36,2011,209
2011-09-08,2011,36,9,4,36,2011,218
2011-09-09,2011,36,9,5,36,2011,197
2011-09-10,2011,36,9,6,36,2011,91
2011-09-11,2011,36,9,7,36,2011,60
2011-09-12,2011,37,9,1,37,2011,315
2011-09-13,2011,37,9,2,37,2011,335
2011-09-14,2011,37,9,3,37,2011,279
2011-09-15,2011,37,9,4,37,2011,258
2011-09-16,2011,37,9,5,37,2011,283
2011-09-17,2011,37,9,6,37,2011,125
2011-09-18,2011,37,9,7,37,2011,56
2011-09-19,2011,38,9,1,38,2011,396
2011-09-20,2011,38,9,2,38,2011,371
2011-09-21,2011,38,9,3,38,2011,335
2011-09-22,2011,38,9,4,38,2011,341
2011-09-23,2011,38,9,5,38,2011,277
2011-09-24,2011,38,9,6,38,2011,103
2011-09-25,2011,38,9,7,38,2011,66
2011-09-26,2011,39,9,1,39,2011,337
2011-09-27,2011,39,9,2,39,2011,326
2011-09-28,2011,39,9,3,39,2011,324
2011-09-29,2011,39,9,4,39,2011,233
2011-09-30,2011,39,9,5,39,2011,281
2011-10-01,2011,39,10,6,39,2011,83
2011-10-02,2011,39,10,7,39,2011,55
2011-10-03,2011,40,10,1,40,2011,384
2011-10-04,2011,40,10,2,40,2011,273
2011-10-05,2011,40,10,3,40,2011,312
2011-10-06,2011,40,10,4,40,2011,254
2011-10-07,2011,40,10,5,40,2011,247
2011-10-08,2011,40,10,6,40,2011,92
2011-10-09,2011,40,10,7,40,2011,66
2011-10-10,2011,41,10,1,41,2011,345
2011-10-11,2011,41,10,2,41,2011,333
2011-10-12,2011,41,10,3,41,2011,279
2011-10-13,2011,41,10,4,41,2011,270
2011-10-14,2011,41,10,5,41,2011,264
2011-10-15,2011,41,10,6,41,2011,67
2011-10-16,2011,41,10,7,41,2011,57
2011-10-17,2011,42,10,1,42,2011,430
2011-10-18,2011,42,10,2,42,2011,364
2011-10-19,2011,42,10,3,42,2011,332
2011-10-20,2011,42,10,4,42,2011,288
2011-10-21,2011,42,10,5,42,2011,NA
2011-10-22,2011,42,10,6,42,2011,NA
2011-10-23,2011,42,10,7,42,2011,NA
2011-10-24,2011,43,10,1,43,2011,NA
2011-10-25,2011,43,10,2,43,2011,NA
2011-10-26,2011,43,10,3,43,2011,326
2011-10-27,2011,43,10,4,43,2011,244
2011-10-28,2011,43,10,5,43,2011,274
2011-10-29,2011,43,10,6,43,2011,84
2011-10-30,2011,43,10,7,43,2011,81
2011-10-31,2011,44,10,1,44,2011,402
2011-11-01,2011,44,11,2,44,2011,332
2011-11-02,2011,44,11,3,44,2011,296
2011-11-03,2011,44,11,4,44,2011,66
2011-11-04,2011,44,11,5,44,2011,82
2011-11-05,2011,44,11,6,44,2011,125
2011-11-06,2011,44,11,7,44,2011,248
2011-11-07,2011,45,11,1,45,2011,424
2011-11-08,2011,45,11,2,45,2011,423
2011-11-09,2011,45,11,3,45,2011,363
2011-11-10,2011,45,11,4,45,2011,288
2011-11-11,2011,45,11,5,45,2011,280
2011-11-12,2011,45,11,6,45,2011,105
2011-11-13,2011,45,11,7,45,2011,75
2011-11-14,2011,46,11,1,46,2011,515
2011-11-15,2011,46,11,2,46,2011,404
2011-11-16,2011,46,11,3,46,2011,414
2011-11-17,2011,46,11,4,46,2011,331
2011-11-18,2011,46,11,5,46,2011,338
2011-11-19,2011,46,11,6,46,2011,147
2011-11-20,2011,46,11,7,46,2011,63
2011-11-21,2011,47,11,1,47,2011,804
2011-11-22,2011,47,11,2,47,2011,434
2011-11-23,2011,47,11,3,47,2011,428
2011-11-24,2011,47,11,4,47,2011,338
2011-11-25,2011,47,11,5,47,2011,419
2011-11-26,2011,47,11,6,47,2011,146
2011-11-27,2011,47,11,7,47,2011,96
2011-11-28,2011,48,11,1,48,2011,676
2011-11-29,2011,48,11,2,48,2011,436
2011-11-30,2011,48,11,3,48,2011,498
2011-12-01,2011,48,12,4,48,2011,402
2011-12-02,2011,48,12,5,48,2011,391
2011-12-03,2011,48,12,6,48,2011,113
2011-12-04,2011,48,12,7,48,2011,73
2011-12-05,2011,49,12,1,49,2011,585
2011-12-06,2011,49,12,2,49,2011,632
2011-12-07,2011,49,12,3,49,2011,463
2011-12-08,2011,49,12,4,49,2011,364
2011-12-09,2011,49,12,5,49,2011,423
2011-12-10,2011,49,12,6,49,2011,170
2011-12-11,2011,49,12,7,49,2011,89
2011-12-12,2011,50,12,1,50,2011,611
2011-12-13,2011,50,12,2,50,2011,422
2011-12-14,2011,50,12,3,50,2011,440
2011-12-15,2011,50,12,4,50,2011,383
2011-12-16,2011,50,12,5,50,2011,385
2011-12-17,2011,50,12,6,50,2011,140
2011-12-18,2011,50,12,7,50,2011,73
2011-12-19,2011,51,12,1,51,2011,517
2011-12-20,2011,51,12,2,51,2011,433
2011-12-21,2011,51,12,3,51,2011,338
2011-12-22,2011,51,12,4,51,2011,287
2011-12-23,2011,51,12,5,51,2011,352
2011-12-24,2011,51,12,6,51,2011,95
2011-12-25,2011,51,12,7,51,2011,63
2011-12-26,2011,52,12,1,52,2011,427
2011-12-27,2011,52,12,2,52,2011,298
2011-12-28,2011,52,12,3,52,2011,283
2011-12-29,2011,52,12,4,52,2011,225
2011-12-30,2011,52,12,5,52,2011,212
2011-12-31,2011,52,12,6,52,2011,99
2012-01-01,2012,52,1,7,52,2011,56
2012-01-02,2012,1,1,1,1,2012,168
2012-01-03,2012,1,1,2,1,2012,161
2012-01-04,2012,1,1,3,1,2012,160
2012-01-05,2012,1,1,4,1,2012,152
2012-01-06,2012,1,1,5,1,2012,195
2012-01-07,2012,1,1,6,1,2012,86
2012-01-08,2012,1,1,7,1,2012,104
2012-01-09,2012,2,1,1,2,2012,192
2012-01-10,2012,2,1,2,2,2012,357
2012-01-11,2012,2,1,3,2,2012,332
2012-01-12,2012,2,1,4,2,2012,251
2012-01-13,2012,2,1,5,2,2012,222
2012-01-14,2012,2,1,6,2,2012,76
2012-01-15,2012,2,1,7,2,2012,52
2012-01-16,2012,3,1,1,3,2012,333
2012-01-17,2012,3,1,2,3,2012,284
2012-01-18,2012,3,1,3,3,2012,266
2012-01-19,2012,3,1,4,3,2012,240
2012-01-20,2012,3,1,5,3,2012,253
2012-01-21,2012,3,1,6,3,2012,64
2012-01-22,2012,3,1,7,3,2012,84
2012-01-23,2012,4,1,1,4,2012,365
2012-01-24,2012,4,1,2,4,2012,365
2012-01-25,2012,4,1,3,4,2012,328
2012-01-26,2012,4,1,4,4,2012,305
2012-01-27,2012,4,1,5,4,2012,314
2012-01-28,2012,4,1,6,4,2012,104
2012-01-29,2012,4,1,7,4,2012,66
2012-01-30,2012,5,1,1,5,2012,444
2012-01-31,2012,5,1,2,5,2012,444
2012-02-01,2012,5,2,3,5,2012,418
2012-02-02,2012,5,2,4,5,2012,333
2012-02-03,2012,5,2,5,5,2012,351
2012-02-04,2012,5,2,6,5,2012,124
2012-02-05,2012,5,2,7,5,2012,76
2012-02-06,2012,6,2,1,6,2012,637
2012-02-07,2012,6,2,2,6,2012,466
2012-02-08,2012,6,2,3,6,2012,402
2012-02-09,2012,6,2,4,6,2012,419
2012-02-10,2012,6,2,5,6,2012,441
2012-02-11,2012,6,2,6,6,2012,119
2012-02-12,2012,6,2,7,6,2012,71
2012-02-13,2012,7,2,1,7,2012,639
2012-02-14,2012,7,2,2,7,2012,420
2012-02-15,2012,7,2,3,7,2012,449
2012-02-16,2012,7,2,4,7,2012,413
2012-02-17,2012,7,2,5,7,2012,516
2012-02-18,2012,7,2,6,7,2012,133
2012-02-19,2012,7,2,7,7,2012,82
2012-02-20,2012,8,2,1,8,2012,598
2012-02-21,2012,8,2,2,8,2012,390
2012-02-22,2012,8,2,3,8,2012,275
2012-02-23,2012,8,2,4,8,2012,82
2012-02-24,2012,8,2,5,8,2012,377
2012-02-25,2012,8,2,6,8,2012,121
2012-02-26,2012,8,2,7,8,2012,64
2012-02-27,2012,9,2,1,9,2012,520
2012-02-28,2012,9,2,2,9,2012,524
2012-02-29,2012,9,2,3,9,2012,384
2012-03-01,2012,9,3,4,9,2012,372
2012-03-02,2012,9,3,5,9,2012,380
2012-03-03,2012,9,3,6,9,2012,133
2012-03-04,2012,9,3,7,9,2012,88
2012-03-05,2012,10,3,1,10,2012,488
2012-03-06,2012,10,3,2,10,2012,399
2012-03-07,2012,10,3,3,10,2012,283
2012-03-08,2012,10,3,4,10,2012,NA
2012-03-09,2012,10,3,5,10,2012,NA
2012-03-10,2012,10,3,6,10,2012,NA
2012-03-11,2012,10,3,7,10,2012,597
2012-03-12,2012,11,3,1,11,2012,523
2012-03-13,2012,11,3,2,11,2012,583
2012-03-14,2012,11,3,3,11,2012,470
2012-03-15,2012,11,3,4,11,2012,424
2012-03-16,2012,11,3,5,11,2012,424
2012-03-17,2012,11,3,6,11,2012,134
2012-03-18,2012,11,3,7,11,2012,117
2012-03-19,2012,12,3,1,12,2012,701
2012-03-20,2012,12,3,2,12,2012,486
2012-03-21,2012,12,3,3,12,2012,546
2012-03-22,2012,12,3,4,12,2012,451
2012-03-23,2012,12,3,5,12,2012,474
2012-03-24,2012,12,3,6,12,2012,171
2012-03-25,2012,12,3,7,12,2012,142
2012-03-26,2012,13,3,1,13,2012,608
2012-03-27,2012,13,3,2,13,2012,583
2012-03-28,2012,13,3,3,13,2012,518
2012-03-29,2012,13,3,4,13,2012,459
2012-03-30,2012,13,3,5,13,2012,487
2012-03-31,2012,13,3,6,13,2012,174
2012-04-01,2012,13,4,7,13,2012,103
2012-04-02,2012,14,4,1,14,2012,759
2012-04-03,2012,14,4,2,14,2012,608
2012-04-04,2012,14,4,3,14,2012,551
2012-04-05,2012,14,4,4,14,2012,617
2012-04-06,2012,14,4,5,14,2012,428
2012-04-07,2012,14,4,6,14,2012,191
2012-04-08,2012,14,4,7,14,2012,143
2012-04-09,2012,15,4,1,15,2012,840
2012-04-10,2012,15,4,2,15,2012,652
2012-04-11,2012,15,4,3,15,2012,580
2012-04-12,2012,15,4,4,15,2012,487
2012-04-13,2012,15,4,5,15,2012,487
2012-04-14,2012,15,4,6,15,2012,134
2012-04-15,2012,15,4,7,15,2012,82
2012-04-16,2012,16,4,1,16,2012,690
2012-04-17,2012,16,4,2,16,2012,514
2012-04-18,2012,16,4,3,16,2012,457
2012-04-19,2012,16,4,4,16,2012,356
2012-04-20,2012,16,4,5,16,2012,360
2012-04-21,2012,16,4,6,16,2012,120
2012-04-22,2012,16,4,7,16,2012,84
2012-04-23,2012,17,4,1,17,2012,485
2012-04-24,2012,17,4,2,17,2012,321
2012-04-25,2012,17,4,3,17,2012,404
2012-04-26,2012,17,4,4,17,2012,291
2012-04-27,2012,17,4,5,17,2012,94
2012-04-28,2012,17,4,6,17,2012,248
2012-04-29,2012,17,4,7,17,2012,67
2012-04-30,2012,18,4,1,18,2012,124
2012-05-01,2012,18,5,2,18,2012,54
2012-05-02,2012,18,5,3,18,2012,419
2012-05-03,2012,18,5,4,18,2012,280
2012-05-04,2012,18,5,5,18,2012,273
2012-05-05,2012,18,5,6,18,2012,186
2012-05-06,2012,18,5,7,18,2012,75
2012-05-07,2012,19,5,1,19,2012,100
2012-05-08,2012,19,5,2,19,2012,131
2012-05-09,2012,19,5,3,19,2012,58
2012-05-10,2012,19,5,4,19,2012,364
2012-05-11,2012,19,5,5,19,2012,279
2012-05-12,2012,19,5,6,19,2012,207
2012-05-13,2012,19,5,7,19,2012,52
2012-05-14,2012,20,5,1,20,2012,299
2012-05-15,2012,20,5,2,20,2012,247
2012-05-16,2012,20,5,3,20,2012,273
2012-05-17,2012,20,5,4,20,2012,237
2012-05-18,2012,20,5,5,20,2012,227
2012-05-19,2012,20,5,6,20,2012,78
2012-05-20,2012,20,5,7,20,2012,61
2012-05-21,2012,21,5,1,21,2012,347
2012-05-22,2012,21,5,2,21,2012,281
2012-05-23,2012,21,5,3,21,2012,279
2012-05-24,2012,21,5,4,21,2012,226
2012-05-25,2012,21,5,5,21,2012,217
2012-05-26,2012,21,5,6,21,2012,78
2012-05-27,2012,21,5,7,21,2012,68
2012-05-28,2012,22,5,1,22,2012,291
2012-05-29,2012,22,5,2,22,2012,269
2012-05-30,2012,22,5,3,22,2012,265
2012-05-31,2012,22,5,4,22,2012,184
2012-06-01,2012,22,6,5,22,2012,146
2012-06-02,2012,22,6,6,22,2012,83
2012-06-03,2012,22,6,7,22,2012,49
2012-06-04,2012,23,6,1,23,2012,297
2012-06-05,2012,23,6,2,23,2012,274
2012-06-06,2012,23,6,3,23,2012,195
2012-06-07,2012,23,6,4,23,2012,165
2012-06-08,2012,23,6,5,23,2012,218
2012-06-09,2012,23,6,6,23,2012,138
2012-06-10,2012,23,6,7,23,2012,58
2012-06-11,2012,24,6,1,24,2012,89
2012-06-12,2012,24,6,2,24,2012,79
2012-06-13,2012,24,6,3,24,2012,170
2012-06-14,2012,24,6,4,24,2012,165
2012-06-15,2012,24,6,5,24,2012,140
2012-06-16,2012,24,6,6,24,2012,56
2012-06-17,2012,24,6,7,24,2012,39
2012-06-18,2012,25,6,1,25,2012,186
2012-06-19,2012,25,6,2,25,2012,146
2012-06-20,2012,25,6,3,25,2012,188
2012-06-21,2012,25,6,4,25,2012,44
2012-06-22,2012,25,6,5,25,2012,161
2012-06-23,2012,25,6,6,25,2012,36
2012-06-24,2012,25,6,7,25,2012,46
2012-06-25,2012,26,6,1,26,2012,168
2012-06-26,2012,26,6,2,26,2012,119
2012-06-27,2012,26,6,3,26,2012,114
2012-06-28,2012,26,6,4,26,2012,117
2012-06-29,2012,26,6,5,26,2012,123
2012-06-30,2012,26,6,6,26,2012,57
2012-07-01,2012,26,7,7,26,2012,34
2012-07-02,2012,27,7,1,27,2012,160
2012-07-03,2012,27,7,2,27,2012,123
2012-07-04,2012,27,7,3,27,2012,176
2012-07-05,2012,27,7,4,27,2012,118
2012-07-06,2012,27,7,5,27,2012,138
2012-07-07,2012,27,7,6,27,2012,53
2012-07-08,2012,27,7,7,27,2012,40
2012-07-09,2012,28,7,1,28,2012,139
2012-07-10,2012,28,7,2,28,2012,140
2012-07-11,2012,28,7,3,28,2012,136
2012-07-12,2012,28,7,4,28,2012,99
2012-07-13,2012,28,7,5,28,2012,99
2012-07-14,2012,28,7,6,28,2012,45
2012-07-15,2012,28,7,7,28,2012,30
2012-07-16,2012,29,7,1,29,2012,164
2012-07-17,2012,29,7,2,29,2012,122
2012-07-18,2012,29,7,3,29,2012,118
2012-07-19,2012,29,7,4,29,2012,125
2012-07-20,2012,29,7,5,29,2012,115
2012-07-21,2012,29,7,6,29,2012,44
2012-07-22,2012,29,7,7,29,2012,28
2012-07-23,2012,30,7,1,30,2012,151
2012-07-24,2012,30,7,2,30,2012,99
2012-07-25,2012,30,7,3,30,2012,115
2012-07-26,2012,30,7,4,30,2012,118
2012-07-27,2012,30,7,5,30,2012,105
2012-07-28,2012,30,7,6,30,2012,40
2012-07-29,2012,30,7,7,30,2012,29
2012-07-30,2012,31,7,1,31,2012,130
2012-07-31,2012,31,7,2,31,2012,142
2012-08-01,2012,31,8,3,31,2012,115
2012-08-02,2012,31,8,4,31,2012,128
2012-08-03,2012,31,8,5,31,2012,116
2012-08-04,2012,31,8,6,31,2012,40
2012-08-05,2012,31,8,7,31,2012,42
2012-08-06,2012,32,8,1,32,2012,172
2012-08-07,2012,32,8,2,32,2012,117
2012-08-08,2012,32,8,3,32,2012,132
2012-08-09,2012,32,8,4,32,2012,106
2012-08-10,2012,32,8,5,32,2012,149
2012-08-11,2012,32,8,6,32,2012,68
2012-08-12,2012,32,8,7,32,2012,56
2012-08-13,2012,33,8,1,33,2012,165
2012-08-14,2012,33,8,2,33,2012,157
2012-08-15,2012,33,8,3,33,2012,118
2012-08-16,2012,33,8,4,33,2012,156
2012-08-17,2012,33,8,5,33,2012,157
2012-08-18,2012,33,8,6,33,2012,40
2012-08-19,2012,33,8,7,33,2012,45
2012-08-20,2012,34,8,1,34,2012,237
2012-08-21,2012,34,8,2,34,2012,167
2012-08-22,2012,34,8,3,34,2012,191
2012-08-23,2012,34,8,4,34,2012,148
2012-08-24,2012,34,8,5,34,2012,148
2012-08-25,2012,34,8,6,34,2012,79
2012-08-26,2012,34,8,7,34,2012,44
2012-08-27,2012,35,8,1,35,2012,NA
2012-08-28,2012,35,8,2,35,2012,NA
2012-08-29,2012,35,8,3,35,2012,NA
2012-08-30,2012,35,8,4,35,2012,NA
2012-08-31,2012,35,8,5,35,2012,NA
2012-09-01,2012,35,9,6,35,2012,NA
2012-09-02,2012,35,9,7,35,2012,NA
2012-09-03,2012,36,9,1,36,2012,NA
2012-09-04,2012,36,9,2,36,2012,NA
2012-09-05,2012,36,9,3,36,2012,NA
2012-09-06,2012,36,9,4,36,2012,NA
2012-09-07,2012,36,9,5,36,2012,NA
2012-09-08,2012,36,9,6,36,2012,NA
2012-09-09,2012,36,9,7,36,2012,NA
2012-09-10,2012,37,9,1,37,2012,NA
2012-09-11,2012,37,9,2,37,2012,NA
2012-09-12,2012,37,9,3,37,2012,NA
2012-09-13,2012,37,9,4,37,2012,NA
2012-09-14,2012,37,9,5,37,2012,NA
2012-09-15,2012,37,9,6,37,2012,NA
2012-09-16,2012,37,9,7,37,2012,NA
2012-09-17,2012,38,9,1,38,2012,NA
2012-09-18,2012,38,9,2,38,2012,NA
2012-09-19,2012,38,9,3,38,2012,NA
2012-09-20,2012,38,9,4,38,2012,NA
2012-09-21,2012,38,9,5,38,2012,NA
2012-09-22,2012,38,9,6,38,2012,NA
2012-09-23,2012,38,9,7,38,2012,NA
2012-09-24,2012,39,9,1,39,2012,NA
2012-09-25,2012,39,9,2,39,2012,NA
2012-09-26,2012,39,9,3,39,2012,NA
2012-09-27,2012,39,9,4,39,2012,NA
2012-09-28,2012,39,9,5,39,2012,NA
2012-09-29,2012,39,9,6,39,2012,NA
2012-09-30,2012,39,9,7,39,2012,NA
2012-10-01,2012,40,10,1,40,2012,NA
2012-10-02,2012,40,10,2,40,2012,NA
2012-10-03,2012,40,10,3,40,2012,NA
2012-10-04,2012,40,10,4,40,2012,NA
2012-10-05,2012,40,10,5,40,2012,NA
2012-10-06,2012,40,10,6,40,2012,NA
2012-10-07,2012,40,10,7,40,2012,NA
2012-10-08,2012,41,10,1,41,2012,NA
2012-10-09,2012,41,10,2,41,2012,NA
2012-10-10,2012,41,10,3,41,2012,NA
2012-10-11,2012,41,10,4,41,2012,NA
2012-10-12,2012,41,10,5,41,2012,NA
2012-10-13,2012,41,10,6,41,2012,NA
2012-10-14,2012,41,10,7,41,2012,NA
2012-10-15,2012,42,10,1,42,2012,NA
2012-10-16,2012,42,10,2,42,2012,NA
2012-10-17,2012,42,10,3,42,2012,NA
2012-10-18,2012,42,10,4,42,2012,NA
2012-10-19,2012,42,10,5,42,2012,NA
2012-10-20,2012,42,10,6,42,2012,NA
2012-10-21,2012,42,10,7,42,2012,NA
2012-10-22,2012,43,10,1,43,2012,NA
2012-10-23,2012,43,10,2,43,2012,NA
2012-10-24,2012,43,10,3,43,2012,NA
2012-10-25,2012,43,10,4,43,2012,NA
2012-10-26,2012,43,10,5,43,2012,NA
2012-10-27,2012,43,10,6,43,2012,NA
2012-10-28,2012,43,10,7,43,2012,NA
2012-10-29,2012,44,10,1,44,2012,NA
2012-10-30,2012,44,10,2,44,2012,NA
2012-10-31,2012,44,10,3,44,2012,NA
2012-11-01,2012,44,11,4,44,2012,NA
2012-11-02,2012,44,11,5,44,2012,NA
2012-11-03,2012,44,11,6,44,2012,NA
2012-11-04,2012,44,11,7,44,2012,NA
2012-11-05,2012,45,11,1,45,2012,NA
2012-11-06,2012,45,11,2,45,2012,NA
2012-11-07,2012,45,11,3,45,2012,NA
2012-11-08,2012,45,11,4,45,2012,NA
2012-11-09,2012,45,11,5,45,2012,NA
2012-11-10,2012,45,11,6,45,2012,NA
2012-11-11,2012,45,11,7,45,2012,NA
2012-11-12,2012,46,11,1,46,2012,NA
2012-11-13,2012,46,11,2,46,2012,NA
2012-11-14,2012,46,11,3,46,2012,NA
2012-11-15,2012,46,11,4,46,2012,NA
2012-11-16,2012,46,11,5,46,2012,NA
2012-11-17,2012,46,11,6,46,2012,NA
2012-11-18,2012,46,11,7,46,2012,NA
2012-11-19,2012,47,11,1,47,2012,NA
2012-11-20,2012,47,11,2,47,2012,NA
2012-11-21,2012,47,11,3,47,2012,NA
2012-11-22,2012,47,11,4,47,2012,NA
2012-11-23,2012,47,11,5,47,2012,NA
2012-11-24,2012,47,11,6,47,2012,NA
2012-11-25,2012,47,11,7,47,2012,NA
2012-11-26,2012,48,11,1,48,2012,NA
2012-11-27,2012,48,11,2,48,2012,NA
2012-11-28,2012,48,11,3,48,2012,NA
2012-11-29,2012,48,11,4,48,2012,NA
2012-11-30,2012,48,11,5,48,2012,NA
2012-12-01,2012,48,12,6,48,2012,NA
2012-12-02,2012,48,12,7,48,2012,NA
2012-12-03,2012,49,12,1,49,2012,NA
2012-12-04,2012,49,12,2,49,2012,NA
2012-12-05,2012,49,12,3,49,2012,NA
2012-12-06,2012,49,12,4,49,2012,NA
2012-12-07,2012,49,12,5,49,2012,NA
2012-12-08,2012,49,12,6,49,2012,NA
2012-12-09,2012,49,12,7,49,2012,NA
2012-12-10,2012,50,12,1,50,2012,NA
2012-12-11,2012,50,12,2,50,2012,NA
2012-12-12,2012,50,12,3,50,2012,NA
2012-12-13,2012,50,12,4,50,2012,NA
2012-12-14,2012,50,12,5,50,2012,NA
2012-12-15,2012,50,12,6,50,2012,NA
2012-12-16,2012,50,12,7,50,2012,NA
2012-12-17,2012,51,12,1,51,2012,NA
2012-12-18,2012,51,12,2,51,2012,NA
2012-12-19,2012,51,12,3,51,2012,NA
2012-12-20,2012,51,12,4,51,2012,NA
2012-12-21,2012,51,12,5,51,2012,NA
2012-12-22,2012,51,12,6,51,2012,NA
2012-12-23,2012,51,12,7,51,2012,NA
2012-12-24,2012,52,12,1,52,2012,NA
2012-12-25,2012,52,12,2,52,2012,NA
2012-12-26,2012,52,12,3,52,2012,NA
2012-12-27,2012,52,12,4,52,2012,NA
2012-12-28,2012,52,12,5,52,2012,NA
2012-12-29,2012,52,12,6,52,2012,NA
2012-12-30,2012,52,12,7,52,2012,NA
2012-12-31,2012,1,12,1,1,2013,186
2013-01-01,2013,1,1,2,1,2013,92
2013-01-02,2013,1,1,3,1,2013,211
2013-01-03,2013,1,1,4,1,2013,252
2013-01-04,2013,1,1,5,1,2013,288
2013-01-05,2013,1,1,6,1,2013,258
2013-01-06,2013,1,1,7,1,2013,209
2013-01-07,2013,2,1,1,2,2013,127
2013-01-08,2013,2,1,2,2,2013,183
2013-01-09,2013,2,1,3,2,2013,536
2013-01-10,2013,2,1,4,2,2013,417
2013-01-11,2013,2,1,5,2,2013,360
2013-01-12,2013,2,1,6,2,2013,115
2013-01-13,2013,2,1,7,2,2013,83
2013-01-14,2013,3,1,1,3,2013,401
2013-01-15,2013,3,1,2,3,2013,376
2013-01-16,2013,3,1,3,3,2013,301
2013-01-17,2013,3,1,4,3,2013,302
2013-01-18,2013,3,1,5,3,2013,303
2013-01-19,2013,3,1,6,3,2013,93
2013-01-20,2013,3,1,7,3,2013,73
2013-01-21,2013,4,1,1,4,2013,424
2013-01-22,2013,4,1,2,4,2013,333
2013-01-23,2013,4,1,3,4,2013,355
2013-01-24,2013,4,1,4,4,2013,316
2013-01-25,2013,4,1,5,4,2013,264
2013-01-26,2013,4,1,6,4,2013,122
2013-01-27,2013,4,1,7,4,2013,56
2013-01-28,2013,5,1,1,5,2013,477
2013-01-29,2013,5,1,2,5,2013,332
2013-01-30,2013,5,1,3,5,2013,409
2013-01-31,2013,5,1,4,5,2013,385
2013-02-01,2013,5,2,5,5,2013,371
2013-02-02,2013,5,2,6,5,2013,100
2013-02-03,2013,5,2,7,5,2013,73
2013-02-04,2013,6,2,1,6,2013,544
2013-02-05,2013,6,2,2,6,2013,461
2013-02-06,2013,6,2,3,6,2013,432
2013-02-07,2013,6,2,4,6,2013,380
2013-02-08,2013,6,2,5,6,2013,374
2013-02-09,2013,6,2,6,6,2013,125
2013-02-10,2013,6,2,7,6,2013,78
2013-02-11,2013,7,2,1,7,2013,548
2013-02-12,2013,7,2,2,7,2013,546
2013-02-13,2013,7,2,3,7,2013,461
2013-02-14,2013,7,2,4,7,2013,409
2013-02-15,2013,7,2,5,7,2013,462
2013-02-16,2013,7,2,6,7,2013,103
2013-02-17,2013,7,2,7,7,2013,75
2013-02-18,2013,8,2,1,8,2013,630
2013-02-19,2013,8,2,2,8,2013,632
2013-02-20,2013,8,2,3,8,2013,560
2013-02-21,2013,8,2,4,8,2013,337
2013-02-22,2013,8,2,5,8,2013,436
2013-02-23,2013,8,2,6,8,2013,118
2013-02-24,2013,8,2,7,8,2013,81
2013-02-25,2013,9,2,1,9,2013,655
2013-02-26,2013,9,2,2,9,2013,520
2013-02-27,2013,9,2,3,9,2013,476
2013-02-28,2013,9,2,4,9,2013,422
2013-03-01,2013,9,3,5,9,2013,388
2013-03-02,2013,9,3,6,9,2013,164
2013-03-03,2013,9,3,7,9,2013,70
2013-03-04,2013,10,3,1,10,2013,436
2013-03-05,2013,10,3,2,10,2013,485
2013-03-06,2013,10,3,3,10,2013,461
2013-03-07,2013,10,3,4,10,2013,283
2013-03-08,2013,10,3,5,10,2013,250
2013-03-09,2013,10,3,6,10,2013,122
2013-03-10,2013,10,3,7,10,2013,95
2013-03-11,2013,11,3,1,11,2013,680
2013-03-12,2013,11,3,2,11,2013,512
2013-03-13,2013,11,3,3,11,2013,564
2013-03-14,2013,11,3,4,11,2013,436
2013-03-15,2013,11,3,5,11,2013,379
2013-03-16,2013,11,3,6,11,2013,128
2013-03-17,2013,11,3,7,11,2013,103
2013-03-18,2013,12,3,1,12,2013,568
2013-03-19,2013,12,3,2,12,2013,553
2013-03-20,2013,12,3,3,12,2013,500
2013-03-21,2013,12,3,4,12,2013,358
2013-03-22,2013,12,3,5,12,2013,377
2013-03-23,2013,12,3,6,12,2013,171
2013-03-24,2013,12,3,7,12,2013,103
2013-03-25,2013,13,3,1,13,2013,560
2013-03-26,2013,13,3,2,13,2013,468
2013-03-27,2013,13,3,3,13,2013,465
2013-03-28,2013,13,3,4,13,2013,386
2013-03-29,2013,13,3,5,13,2013,375
2013-03-30,2013,13,3,6,13,2013,185
2013-03-31,2013,13,3,7,13,2013,145
2013-04-01,2013,14,4,1,14,2013,736
2013-04-02,2013,14,4,2,14,2013,559
2013-04-03,2013,14,4,3,14,2013,642
2013-04-04,2013,14,4,4,14,2013,436
2013-04-05,2013,14,4,5,14,2013,389
2013-04-06,2013,14,4,6,14,2013,175
2013-04-07,2013,14,4,7,14,2013,152
2013-04-08,2013,15,4,1,15,2013,756
2013-04-09,2013,15,4,2,15,2013,683
2013-04-10,2013,15,4,3,15,2013,566
2013-04-11,2013,15,4,4,15,2013,517
2013-04-12,2013,15,4,5,15,2013,485
2013-04-13,2013,15,4,6,15,2013,174
2013-04-14,2013,15,4,7,15,2013,103
2013-04-15,2013,16,4,1,16,2013,585
2013-04-16,2013,16,4,2,16,2013,645
2013-04-17,2013,16,4,3,16,2013,586
2013-04-18,2013,16,4,4,16,2013,572
2013-04-19,2013,16,4,5,16,2013,553
2013-04-20,2013,16,4,6,16,2013,242
2013-04-21,2013,16,4,7,16,2013,126
2013-04-22,2013,17,4,1,17,2013,695
2013-04-23,2013,17,4,2,17,2013,626
2013-04-24,2013,17,4,3,17,2013,454
2013-04-25,2013,17,4,4,17,2013,477
2013-04-26,2013,17,4,5,17,2013,410
2013-04-27,2013,17,4,6,17,2013,162
2013-04-28,2013,17,4,7,17,2013,122
2013-04-29,2013,18,4,1,18,2013,610
2013-04-30,2013,18,4,2,18,2013,427
2013-05-01,2013,18,5,3,18,2013,93
2013-05-02,2013,18,5,4,18,2013,169
2013-05-03,2013,18,5,5,18,2013,139
2013-05-04,2013,18,5,6,18,2013,165
2013-05-05,2013,18,5,7,18,2013,125
2013-05-06,2013,19,5,1,19,2013,540
2013-05-07,2013,19,5,2,19,2013,499
2013-05-08,2013,19,5,3,19,2013,202
2013-05-09,2013,19,5,4,19,2013,72
2013-05-10,2013,19,5,5,19,2013,96
2013-05-11,2013,19,5,6,19,2013,117
2013-05-12,2013,19,5,7,19,2013,70
2013-05-13,2013,20,5,1,20,2013,458
2013-05-14,2013,20,5,2,20,2013,315
2013-05-15,2013,20,5,3,20,2013,240
2013-05-16,2013,20,5,4,20,2013,197
2013-05-17,2013,20,5,5,20,2013,303
2013-05-18,2013,20,5,6,20,2013,56
2013-05-19,2013,20,5,7,20,2013,86
2013-05-20,2013,21,5,1,21,2013,407
2013-05-21,2013,21,5,2,21,2013,286
2013-05-22,2013,21,5,3,21,2013,264
2013-05-23,2013,21,5,4,21,2013,247
2013-05-24,2013,21,5,5,21,2013,224
2013-05-25,2013,21,5,6,21,2013,96
2013-05-26,2013,21,5,7,21,2013,71
2013-05-27,2013,22,5,1,22,2013,271
2013-05-28,2013,22,5,2,22,2013,290
2013-05-29,2013,22,5,3,22,2013,250
2013-05-30,2013,22,5,4,22,2013,277
2013-05-31,2013,22,5,5,22,2013,223
2013-06-01,2013,22,6,6,22,2013,124
2013-06-02,2013,22,6,7,22,2013,71
2013-06-03,2013,23,6,1,23,2013,310
2013-06-04,2013,23,6,2,23,2013,258
2013-06-05,2013,23,6,3,23,2013,172
2013-06-06,2013,23,6,4,23,2013,241
2013-06-07,2013,23,6,5,23,2013,223
2013-06-08,2013,23,6,6,23,2013,94
2013-06-09,2013,23,6,7,23,2013,66
2013-06-10,2013,24,6,1,24,2013,323
2013-06-11,2013,24,6,2,24,2013,242
2013-06-12,2013,24,6,3,24,2013,80
2013-06-13,2013,24,6,4,24,2013,209
2013-06-14,2013,24,6,5,24,2013,183
2013-06-15,2013,24,6,6,24,2013,103
2013-06-16,2013,24,6,7,24,2013,56
2013-06-17,2013,25,6,1,25,2013,336
2013-06-18,2013,25,6,2,25,2013,224
2013-06-19,2013,25,6,3,25,2013,231
2013-06-20,2013,25,6,4,25,2013,176
2013-06-21,2013,25,6,5,25,2013,101
2013-06-22,2013,25,6,6,25,2013,110
2013-06-23,2013,25,6,7,25,2013,54
2013-06-24,2013,26,6,1,26,2013,238
2013-06-25,2013,26,6,2,26,2013,219
2013-06-26,2013,26,6,3,26,2013,198
2013-06-27,2013,26,6,4,26,2013,164
2013-06-28,2013,26,6,5,26,2013,147
2013-06-29,2013,26,6,6,26,2013,81
2013-06-30,2013,26,6,7,26,2013,61
2013-07-01,2013,27,7,1,27,2013,194
2013-07-02,2013,27,7,2,27,2013,NA
2013-07-03,2013,27,7,3,27,2013,NA
2013-07-04,2013,27,7,4,27,2013,NA
2013-07-05,2013,27,7,5,27,2013,122
2013-07-06,2013,27,7,6,27,2013,88
2013-07-07,2013,27,7,7,27,2013,62
2013-07-08,2013,28,7,1,28,2013,200
2013-07-09,2013,28,7,2,28,2013,143
2013-07-10,2013,28,7,3,28,2013,135
2013-07-11,2013,28,7,4,28,2013,105
2013-07-12,2013,28,7,5,28,2013,135
2013-07-13,2013,28,7,6,28,2013,71
2013-07-14,2013,28,7,7,28,2013,57
2013-07-15,2013,29,7,1,29,2013,154
2013-07-16,2013,29,7,2,29,2013,61
2013-07-17,2013,29,7,3,29,2013,54
2013-07-18,2013,29,7,4,29,2013,108
2013-07-19,2013,29,7,5,29,2013,184
2013-07-20,2013,29,7,6,29,2013,134
2013-07-21,2013,29,7,7,29,2013,171
2013-07-22,2013,30,7,1,30,2013,167
2013-07-23,2013,30,7,2,30,2013,131
2013-07-24,2013,30,7,3,30,2013,156
2013-07-25,2013,30,7,4,30,2013,100
2013-07-26,2013,30,7,5,30,2013,131
2013-07-27,2013,30,7,6,30,2013,61
2013-07-28,2013,30,7,7,30,2013,51
2013-07-29,2013,31,7,1,31,2013,183
2013-07-30,2013,31,7,2,31,2013,176
2013-07-31,2013,31,7,3,31,2013,160
2013-08-01,2013,31,8,4,31,2013,116
2013-08-02,2013,31,8,5,31,2013,133
2013-08-03,2013,31,8,6,31,2013,60
2013-08-04,2013,31,8,7,31,2013,43
2013-08-05,2013,32,8,1,32,2013,162
2013-08-06,2013,32,8,2,32,2013,124
2013-08-07,2013,32,8,3,32,2013,144
2013-08-08,2013,32,8,4,32,2013,136
2013-08-09,2013,32,8,5,32,2013,125
2013-08-10,2013,32,8,6,32,2013,40
2013-08-11,2013,32,8,7,32,2013,43
2013-08-12,2013,33,8,1,33,2013,180
2013-08-13,2013,33,8,2,33,2013,143
2013-08-14,2013,33,8,3,33,2013,111
2013-08-15,2013,33,8,4,33,2013,120
2013-08-16,2013,33,8,5,33,2013,39
2013-08-17,2013,33,8,6,33,2013,41
2013-08-18,2013,33,8,7,33,2013,131
2013-08-19,2013,34,8,1,34,2013,197
2013-08-20,2013,34,8,2,34,2013,157
2013-08-21,2013,34,8,3,34,2013,131
2013-08-22,2013,34,8,4,34,2013,114
2013-08-23,2013,34,8,5,34,2013,214
2013-08-24,2013,34,8,6,34,2013,52
2013-08-25,2013,34,8,7,34,2013,46
2013-08-26,2013,35,8,1,35,2013,NA
2013-08-27,2013,35,8,2,35,2013,NA
2013-08-28,2013,35,8,3,35,2013,NA
2013-08-29,2013,35,8,4,35,2013,NA
2013-08-30,2013,35,8,5,35,2013,NA
2013-08-31,2013,35,8,6,35,2013,NA
2013-09-01,2013,35,9,7,35,2013,NA
2013-09-02,2013,36,9,1,36,2013,NA
2013-09-03,2013,36,9,2,36,2013,NA
2013-09-04,2013,36,9,3,36,2013,NA
2013-09-05,2013,36,9,4,36,2013,NA
2013-09-06,2013,36,9,5,36,2013,NA
2013-09-07,2013,36,9,6,36,2013,NA
2013-09-08,2013,36,9,7,36,2013,NA
2013-09-09,2013,37,9,1,37,2013,NA
2013-09-10,2013,37,9,2,37,2013,NA
2013-09-11,2013,37,9,3,37,2013,NA
2013-09-12,2013,37,9,4,37,2013,NA
2013-09-13,2013,37,9,5,37,2013,NA
2013-09-14,2013,37,9,6,37,2013,NA
2013-09-15,2013,37,9,7,37,2013,NA
2013-09-16,2013,38,9,1,38,2013,NA
2013-09-17,2013,38,9,2,38,2013,NA
2013-09-18,2013,38,9,3,38,2013,NA
2013-09-19,2013,38,9,4,38,2013,NA
2013-09-20,2013,38,9,5,38,2013,NA
2013-09-21,2013,38,9,6,38,2013,NA
2013-09-22,2013,38,9,7,38,2013,NA
2013-09-23,2013,39,9,1,39,2013,NA
2013-09-24,2013,39,9,2,39,2013,NA
2013-09-25,2013,39,9,3,39,2013,NA
2013-09-26,2013,39,9,4,39,2013,NA
2013-09-27,2013,39,9,5,39,2013,NA
2013-09-28,2013,39,9,6,39,2013,NA
2013-09-29,2013,39,9,7,39,2013,NA
2013-09-30,2013,40,9,1,40,2013,NA
2013-10-01,2013,40,10,2,40,2013,NA
2013-10-02,2013,40,10,3,40,2013,NA
2013-10-03,2013,40,10,4,40,2013,NA
2013-10-04,2013,40,10,5,40,2013,NA
2013-10-05,2013,40,10,6,40,2013,NA
2013-10-06,2013,40,10,7,40,2013,NA
2013-10-07,2013,41,10,1,41,2013,NA
2013-10-08,2013,41,10,2,41,2013,NA
2013-10-09,2013,41,10,3,41,2013,NA
2013-10-10,2013,41,10,4,41,2013,NA
2013-10-11,2013,41,10,5,41,2013,NA
2013-10-12,2013,41,10,6,41,2013,NA
2013-10-13,2013,41,10,7,41,2013,NA
2013-10-14,2013,42,10,1,42,2013,NA
2013-10-15,2013,42,10,2,42,2013,NA
2013-10-16,2013,42,10,3,42,2013,NA
2013-10-17,2013,42,10,4,42,2013,NA
2013-10-18,2013,42,10,5,42,2013,NA
2013-10-19,2013,42,10,6,42,2013,NA
2013-10-20,2013,42,10,7,42,2013,NA
2013-10-21,2013,43,10,1,43,2013,NA
2013-10-22,2013,43,10,2,43,2013,NA
2013-10-23,2013,43,10,3,43,2013,NA
2013-10-24,2013,43,10,4,43,2013,NA
2013-10-25,2013,43,10,5,43,2013,NA
2013-10-26,2013,43,10,6,43,2013,157
2013-10-27,2013,43,10,7,43,2013,89
2013-10-28,2013,44,10,1,44,2013,550
2013-10-29,2013,44,10,2,44,2013,558
2013-10-30,2013,44,10,3,44,2013,459
2013-10-31,2013,44,10,4,44,2013,341
2013-11-01,2013,44,11,5,44,2013,397
2013-11-02,2013,44,11,6,44,2013,210
2013-11-03,2013,44,11,7,44,2013,163
2013-11-04,2013,45,11,1,45,2013,143
2013-11-05,2013,45,11,2,45,2013,553
2013-11-06,2013,45,11,3,45,2013,514
2013-11-07,2013,45,11,4,45,2013,361
2013-11-08,2013,45,11,5,45,2013,390
2013-11-09,2013,45,11,6,45,2013,176
2013-11-10,2013,45,11,7,45,2013,95
2013-11-11,2013,46,11,1,46,2013,478
2013-11-12,2013,46,11,2,46,2013,412
2013-11-13,2013,46,11,3,46,2013,628
2013-11-14,2013,46,11,4,46,2013,365
2013-11-15,2013,46,11,5,46,2013,359
2013-11-16,2013,46,11,6,46,2013,200
2013-11-17,2013,46,11,7,46,2013,120
2013-11-18,2013,47,11,1,47,2013,589
2013-11-19,2013,47,11,2,47,2013,535
2013-11-20,2013,47,11,3,47,2013,581
2013-11-21,2013,47,11,4,47,2013,441
2013-11-22,2013,47,11,5,47,2013,355
2013-11-23,2013,47,11,6,47,2013,174
2013-11-24,2013,47,11,7,47,2013,162
2013-11-25,2013,48,11,1,48,2013,610
2013-11-26,2013,48,11,2,48,2013,585
2013-11-27,2013,48,11,3,48,2013,463
2013-11-28,2013,48,11,4,48,2013,448
2013-11-29,2013,48,11,5,48,2013,425
2013-11-30,2013,48,11,6,48,2013,192
2013-12-01,2013,48,12,7,48,2013,144
2013-12-02,2013,49,12,1,49,2013,630
2013-12-03,2013,49,12,2,49,2013,519
2013-12-04,2013,49,12,3,49,2013,474
2013-12-05,2013,49,12,4,49,2013,435
2013-12-06,2013,49,12,5,49,2013,417
2013-12-07,2013,49,12,6,49,2013,157
2013-12-08,2013,49,12,7,49,2013,100
2013-12-09,2013,50,12,1,50,2013,593
2013-12-10,2013,50,12,2,50,2013,581
2013-12-11,2013,50,12,3,50,2013,503
2013-12-12,2013,50,12,4,50,2013,466
2013-12-13,2013,50,12,5,50,2013,473
2013-12-14,2013,50,12,6,50,2013,211
2013-12-15,2013,50,12,7,50,2013,112
2013-12-16,2013,51,12,1,51,2013,664
2013-12-17,2013,51,12,2,51,2013,513
2013-12-18,2013,51,12,3,51,2013,451
2013-12-19,2013,51,12,4,51,2013,406
2013-12-20,2013,51,12,5,51,2013,412
2013-12-21,2013,51,12,6,51,2013,192
2013-12-22,2013,51,12,7,51,2013,86
2013-12-23,2013,52,12,1,52,2013,538
2013-12-24,2013,52,12,2,52,2013,507
2013-12-25,2013,52,12,3,52,2013,383
2013-12-26,2013,52,12,4,52,2013,331
2013-12-27,2013,52,12,5,52,2013,333
2013-12-28,2013,52,12,6,52,2013,186
2013-12-29,2013,52,12,7,52,2013,88
2013-12-30,2013,1,12,1,1,2014,342
2013-12-31,2013,1,12,2,1,2014,204
2014-01-01,2014,1,1,3,1,2014,48
2014-01-02,2014,1,1,4,1,2014,125
2014-01-03,2014,1,1,5,1,2014,150
2014-01-04,2014,1,1,6,1,2014,196
2014-01-05,2014,1,1,7,1,2014,115
2014-01-06,2014,2,1,1,2,2014,160
2014-01-07,2014,2,1,2,2,2014,71
2014-01-08,2014,2,1,3,2,2014,162
2014-01-09,2014,2,1,4,2,2014,365
2014-01-10,2014,2,1,5,2,2014,362
2014-01-11,2014,2,1,6,2,2014,86
2014-01-12,2014,2,1,7,2,2014,61
2014-01-13,2014,3,1,1,3,2014,408
2014-01-14,2014,3,1,2,3,2014,312
2014-01-15,2014,3,1,3,3,2014,359
2014-01-16,2014,3,1,4,3,2014,282
2014-01-17,2014,3,1,5,3,2014,329
2014-01-18,2014,3,1,6,3,2014,130
2014-01-19,2014,3,1,7,3,2014,71
2014-01-20,2014,4,1,1,4,2014,454
2014-01-21,2014,4,1,2,4,2014,422
2014-01-22,2014,4,1,3,4,2014,334
2014-01-23,2014,4,1,4,4,2014,358
2014-01-24,2014,4,1,5,4,2014,338
2014-01-25,2014,4,1,6,4,2014,117
2014-01-26,2014,4,1,7,4,2014,63
2014-01-27,2014,5,1,1,5,2014,430
2014-01-28,2014,5,1,2,5,2014,407
2014-01-29,2014,5,1,3,5,2014,332
2014-01-30,2014,5,1,4,5,2014,326
2014-01-31,2014,5,1,5,5,2014,327
2014-02-01,2014,5,2,6,5,2014,110
2014-02-02,2014,5,2,7,5,2014,74
2014-02-03,2014,6,2,1,6,2014,506
2014-02-04,2014,6,2,2,6,2014,442
2014-02-05,2014,6,2,3,6,2014,340
2014-02-06,2014,6,2,4,6,2014,344
2014-02-07,2014,6,2,5,6,2014,315
2014-02-08,2014,6,2,6,6,2014,86
2014-02-09,2014,6,2,7,6,2014,72
2014-02-10,2014,7,2,1,7,2014,466
2014-02-11,2014,7,2,2,7,2014,382
2014-02-12,2014,7,2,3,7,2014,303
2014-02-13,2014,7,2,4,7,2014,316
2014-02-14,2014,7,2,5,7,2014,310
2014-02-15,2014,7,2,6,7,2014,81
2014-02-16,2014,7,2,7,7,2014,104
2014-02-17,2014,8,2,1,8,2014,473
2014-02-18,2014,8,2,2,8,2014,420
2014-02-19,2014,8,2,3,8,2014,330
2014-02-20,2014,8,2,4,8,2014,330
2014-02-21,2014,8,2,5,8,2014,303
2014-02-22,2014,8,2,6,8,2014,105
2014-02-23,2014,8,2,7,8,2014,71
2014-02-24,2014,9,2,1,9,2014,516
2014-02-25,2014,9,2,2,9,2014,403
2014-02-26,2014,9,2,3,9,2014,NA
2014-02-27,2014,9,2,4,9,2014,NA
2014-02-28,2014,9,2,5,9,2014,344
2014-03-01,2014,9,3,6,9,2014,107
2014-03-02,2014,9,3,7,9,2014,61
2014-03-03,2014,10,3,1,10,2014,526
2014-03-04,2014,10,3,2,10,2014,380
2014-03-05,2014,10,3,3,10,2014,410
2014-03-06,2014,10,3,4,10,2014,288
2014-03-07,2014,10,3,5,10,2014,328
2014-03-08,2014,10,3,6,10,2014,93
2014-03-09,2014,10,3,7,10,2014,143
2014-03-10,2014,11,3,1,11,2014,220
2014-03-11,2014,11,3,2,11,2014,593
2014-03-12,2014,11,3,3,11,2014,556
2014-03-13,2014,11,3,4,11,2014,452
2014-03-14,2014,11,3,5,11,2014,381
2014-03-15,2014,11,3,6,11,2014,104
2014-03-16,2014,11,3,7,11,2014,81
2014-03-17,2014,12,3,1,12,2014,600
2014-03-18,2014,12,3,2,12,2014,466
2014-03-19,2014,12,3,3,12,2014,396
2014-03-20,2014,12,3,4,12,2014,420
2014-03-21,2014,12,3,5,12,2014,305
2014-03-22,2014,12,3,6,12,2014,147
2014-03-23,2014,12,3,7,12,2014,90
2014-03-24,2014,13,3,1,13,2014,548
2014-03-25,2014,13,3,2,13,2014,359
2014-03-26,2014,13,3,3,13,2014,412
2014-03-27,2014,13,3,4,13,2014,313
2014-03-28,2014,13,3,5,13,2014,371
2014-03-29,2014,13,3,6,13,2014,145
2014-03-30,2014,13,3,7,13,2014,111
2014-03-31,2014,14,3,1,14,2014,559
2014-04-01,2014,14,4,2,14,2014,435
2014-04-02,2014,14,4,3,14,2014,425
2014-04-03,2014,14,4,4,14,2014,312
2014-04-04,2014,14,4,5,14,2014,353
2014-04-05,2014,14,4,6,14,2014,159
2014-04-06,2014,14,4,7,14,2014,117
2014-04-07,2014,15,4,1,15,2014,510
2014-04-08,2014,15,4,2,15,2014,484
2014-04-09,2014,15,4,3,15,2014,466
2014-04-10,2014,15,4,4,15,2014,357
2014-04-11,2014,15,4,5,15,2014,359
2014-04-12,2014,15,4,6,15,2014,145
2014-04-13,2014,15,4,7,15,2014,98
2014-04-14,2014,16,4,1,16,2014,550
2014-04-15,2014,16,4,2,16,2014,484
2014-04-16,2014,16,4,3,16,2014,521
2014-04-17,2014,16,4,4,16,2014,385
2014-04-18,2014,16,4,5,16,2014,366
2014-04-19,2014,16,4,6,16,2014,152
2014-04-20,2014,16,4,7,16,2014,109
2014-04-21,2014,17,4,1,17,2014,556
2014-04-22,2014,17,4,2,17,2014,483
2014-04-23,2014,17,4,3,17,2014,375
2014-04-24,2014,17,4,4,17,2014,324
2014-04-25,2014,17,4,5,17,2014,365
2014-04-26,2014,17,4,6,17,2014,122
2014-04-27,2014,17,4,7,17,2014,73
2014-04-28,2014,18,4,1,18,2014,465
2014-04-29,2014,18,4,2,18,2014,446
2014-04-30,2014,18,4,3,18,2014,309
2014-05-01,2014,18,5,4,18,2014,76
2014-05-02,2014,18,5,5,18,2014,137
2014-05-03,2014,18,5,6,18,2014,130
2014-05-04,2014,18,5,7,18,2014,91
2014-05-05,2014,19,5,1,19,2014,627
2014-05-06,2014,19,5,2,19,2014,424
2014-05-07,2014,19,5,3,19,2014,341
2014-05-08,2014,19,5,4,19,2014,327
2014-05-09,2014,19,5,5,19,2014,68
2014-05-10,2014,19,5,6,19,2014,120
2014-05-11,2014,19,5,7,19,2014,86
2014-05-12,2014,20,5,1,20,2014,421
2014-05-13,2014,20,5,2,20,2014,341
2014-05-14,2014,20,5,3,20,2014,315
2014-05-15,2014,20,5,4,20,2014,234
2014-05-16,2014,20,5,5,20,2014,324
2014-05-17,2014,20,5,6,20,2014,79
2014-05-18,2014,20,5,7,20,2014,69
2014-05-19,2014,21,5,1,21,2014,371
2014-05-20,2014,21,5,2,21,2014,246
2014-05-21,2014,21,5,3,21,2014,313
2014-05-22,2014,21,5,4,21,2014,263
2014-05-23,2014,21,5,5,21,2014,247
2014-05-24,2014,21,5,6,21,2014,96
2014-05-25,2014,21,5,7,21,2014,52
2014-05-26,2014,22,5,1,22,2014,254
2014-05-27,2014,22,5,2,22,2014,322
2014-05-28,2014,22,5,3,22,2014,225
2014-05-29,2014,22,5,4,22,2014,193
2014-05-30,2014,22,5,5,22,2014,220
2014-05-31,2014,22,5,6,22,2014,85
2014-06-01,2014,22,6,7,22,2014,50
2014-06-02,2014,23,6,1,23,2014,268
2014-06-03,2014,23,6,2,23,2014,244
2014-06-04,2014,23,6,3,23,2014,221
2014-06-05,2014,23,6,4,23,2014,196
2014-06-06,2014,23,6,5,23,2014,202
2014-06-07,2014,23,6,6,23,2014,92
2014-06-08,2014,23,6,7,23,2014,39
2014-06-09,2014,24,6,1,24,2014,243
2014-06-10,2014,24,6,2,24,2014,198
2014-06-11,2014,24,6,3,24,2014,206
2014-06-12,2014,24,6,4,24,2014,81
2014-06-13,2014,24,6,5,24,2014,78
2014-06-14,2014,24,6,6,24,2014,61
2014-06-15,2014,24,6,7,24,2014,52
2014-06-16,2014,25,6,1,25,2014,243
2014-06-17,2014,25,6,2,25,2014,239
2014-06-18,2014,25,6,3,25,2014,183
2014-06-19,2014,25,6,4,25,2014,173
2014-06-20,2014,25,6,5,25,2014,113
2014-06-21,2014,25,6,6,25,2014,46
2014-06-22,2014,25,6,7,25,2014,36
2014-06-23,2014,26,6,1,26,2014,205
2014-06-24,2014,26,6,2,26,2014,163
2014-06-25,2014,26,6,3,26,2014,143
2014-06-26,2014,26,6,4,26,2014,130
2014-06-27,2014,26,6,5,26,2014,108
2014-06-28,2014,26,6,6,26,2014,59
2014-06-29,2014,26,6,7,26,2014,37
2014-06-30,2014,27,6,1,27,2014,200
2014-07-01,2014,27,7,2,27,2014,135
2014-07-02,2014,27,7,3,27,2014,115
2014-07-03,2014,27,7,4,27,2014,115
2014-07-04,2014,27,7,5,27,2014,124
2014-07-05,2014,27,7,6,27,2014,89
2014-07-06,2014,27,7,7,27,2014,30
2014-07-07,2014,28,7,1,28,2014,142
2014-07-08,2014,28,7,2,28,2014,135
2014-07-09,2014,28,7,3,28,2014,99
2014-07-10,2014,28,7,4,28,2014,57
2014-07-11,2014,28,7,5,28,2014,91
2014-07-12,2014,28,7,6,28,2014,36
2014-07-13,2014,28,7,7,28,2014,32
2014-07-14,2014,29,7,1,29,2014,116
2014-07-15,2014,29,7,2,29,2014,113
2014-07-16,2014,29,7,3,29,2014,107
2014-07-17,2014,29,7,4,29,2014,85
2014-07-18,2014,29,7,5,29,2014,109
2014-07-19,2014,29,7,6,29,2014,41
2014-07-20,2014,29,7,7,29,2014,39
2014-07-21,2014,30,7,1,30,2014,127
2014-07-22,2014,30,7,2,30,2014,105
2014-07-23,2014,30,7,3,30,2014,74
2014-07-24,2014,30,7,4,30,2014,65
2014-07-25,2014,30,7,5,30,2014,107
2014-07-26,2014,30,7,6,30,2014,36
2014-07-27,2014,30,7,7,30,2014,26
2014-07-28,2014,31,7,1,31,2014,156
2014-07-29,2014,31,7,2,31,2014,100
2014-07-30,2014,31,7,3,31,2014,79
2014-07-31,2014,31,7,4,31,2014,103
2014-08-01,2014,31,8,5,31,2014,119
2014-08-02,2014,31,8,6,31,2014,34
2014-08-03,2014,31,8,7,31,2014,41
2014-08-04,2014,32,8,1,32,2014,139
2014-08-05,2014,32,8,2,32,2014,132
2014-08-06,2014,32,8,3,32,2014,112
2014-08-07,2014,32,8,4,32,2014,99
2014-08-08,2014,32,8,5,32,2014,81
2014-08-09,2014,32,8,6,32,2014,43
2014-08-10,2014,32,8,7,32,2014,43
2014-08-11,2014,33,8,1,33,2014,154
2014-08-12,2014,33,8,2,33,2014,129
2014-08-13,2014,33,8,3,33,2014,134
2014-08-14,2014,33,8,4,33,2014,125
2014-08-15,2014,33,8,5,33,2014,111
2014-08-16,2014,33,8,6,33,2014,82
2014-08-17,2014,33,8,7,33,2014,41
2014-08-18,2014,34,8,1,34,2014,164
2014-08-19,2014,34,8,2,34,2014,121
2014-08-20,2014,34,8,3,34,2014,173
2014-08-21,2014,34,8,4,34,2014,117
2014-08-22,2014,34,8,5,34,2014,136
2014-08-23,2014,34,8,6,34,2014,82
2014-08-24,2014,34,8,7,34,2014,49
2014-08-25,2014,35,8,1,35,2014,183
2014-08-26,2014,35,8,2,35,2014,162
2014-08-27,2014,35,8,3,35,2014,131
2014-08-28,2014,35,8,4,35,2014,134
2014-08-29,2014,35,8,5,35,2014,188
2014-08-30,2014,35,8,6,35,2014,90
2014-08-31,2014,35,8,7,35,2014,59
2014-09-01,2014,36,9,1,36,2014,224
2014-09-02,2014,36,9,2,36,2014,230
2014-09-03,2014,36,9,3,36,2014,213
2014-09-04,2014,36,9,4,36,2014,245
2014-09-05,2014,36,9,5,36,2014,297
2014-09-06,2014,36,9,6,36,2014,82
2014-09-07,2014,36,9,7,36,2014,101
2014-09-08,2014,37,9,1,37,2014,393
2014-09-09,2014,37,9,2,37,2014,372
2014-09-10,2014,37,9,3,37,2014,322
2014-09-11,2014,37,9,4,37,2014,291
2014-09-12,2014,37,9,5,37,2014,258
2014-09-13,2014,37,9,6,37,2014,116
2014-09-14,2014,37,9,7,37,2014,69
2014-09-15,2014,38,9,1,38,2014,473
2014-09-16,2014,38,9,2,38,2014,415
2014-09-17,2014,38,9,3,38,2014,458
2014-09-18,2014,38,9,4,38,2014,366
2014-09-19,2014,38,9,5,38,2014,409
2014-09-20,2014,38,9,6,38,2014,117
2014-09-21,2014,38,9,7,38,2014,100
2014-09-22,2014,39,9,1,39,2014,532
2014-09-23,2014,39,9,2,39,2014,425
2014-09-24,2014,39,9,3,39,2014,383
2014-09-25,2014,39,9,4,39,2014,361
2014-09-26,2014,39,9,5,39,2014,275
2014-09-27,2014,39,9,6,39,2014,105
2014-09-28,2014,39,9,7,39,2014,59
2014-09-29,2014,40,9,1,40,2014,458
2014-09-30,2014,40,9,2,40,2014,400
2014-10-01,2014,40,10,3,40,2014,364
2014-10-02,2014,40,10,4,40,2014,276
2014-10-03,2014,40,10,5,40,2014,299
2014-10-04,2014,40,10,6,40,2014,102
2014-10-05,2014,40,10,7,40,2014,77
2014-10-06,2014,41,10,1,41,2014,453
2014-10-07,2014,41,10,2,41,2014,395
2014-10-08,2014,41,10,3,41,2014,370
2014-10-09,2014,41,10,4,41,2014,315
2014-10-10,2014,41,10,5,41,2014,314
2014-10-11,2014,41,10,6,41,2014,141
2014-10-12,2014,41,10,7,41,2014,92
2014-10-13,2014,42,10,1,42,2014,164
2014-10-14,2014,42,10,2,42,2014,337
2014-10-15,2014,42,10,3,42,2014,368
2014-10-16,2014,42,10,4,42,2014,379
2014-10-17,2014,42,10,5,42,2014,302
2014-10-18,2014,42,10,6,42,2014,112
2014-10-19,2014,42,10,7,42,2014,120
2014-10-20,2014,43,10,1,43,2014,515
2014-10-21,2014,43,10,2,43,2014,408
2014-10-22,2014,43,10,3,43,2014,390
2014-10-23,2014,43,10,4,43,2014,382
2014-10-24,2014,43,10,5,43,2014,389
2014-10-25,2014,43,10,6,43,2014,136
2014-10-26,2014,43,10,7,43,2014,94
2014-10-27,2014,44,10,1,44,2014,575
2014-10-28,2014,44,10,2,44,2014,427
2014-10-29,2014,44,10,3,44,2014,421
2014-10-30,2014,44,10,4,44,2014,371
2014-10-31,2014,44,10,5,44,2014,423
2014-11-01,2014,44,11,6,44,2014,118
2014-11-02,2014,44,11,7,44,2014,108
2014-11-03,2014,45,11,1,45,2014,180
2014-11-04,2014,45,11,2,45,2014,181
2014-11-05,2014,45,11,3,45,2014,589
2014-11-06,2014,45,11,4,45,2014,475
2014-11-07,2014,45,11,5,45,2014,393
2014-11-08,2014,45,11,6,45,2014,178
2014-11-09,2014,45,11,7,45,2014,114
2014-11-10,2014,46,11,1,46,2014,580
2014-11-11,2014,46,11,2,46,2014,481
2014-11-12,2014,46,11,3,46,2014,494
2014-11-13,2014,46,11,4,46,2014,440
2014-11-14,2014,46,11,5,46,2014,382
2014-11-15,2014,46,11,6,46,2014,139
2014-11-16,2014,46,11,7,46,2014,96
2014-11-17,2014,47,11,1,47,2014,644
2014-11-18,2014,47,11,2,47,2014,554
2014-11-19,2014,47,11,3,47,2014,504
2014-11-20,2014,47,11,4,47,2014,391
2014-11-21,2014,47,11,5,47,2014,501
2014-11-22,2014,47,11,6,47,2014,164
2014-11-23,2014,47,11,7,47,2014,117
2014-11-24,2014,48,11,1,48,2014,646
2014-11-25,2014,48,11,2,48,2014,597
2014-11-26,2014,48,11,3,48,2014,531
2014-11-27,2014,48,11,4,48,2014,523
2014-11-28,2014,48,11,5,48,2014,534
2014-11-29,2014,48,11,6,48,2014,175
2014-11-30,2014,48,11,7,48,2014,117
2014-12-01,2014,49,12,1,49,2014,693
2014-12-02,2014,49,12,2,49,2014,615
2014-12-03,2014,49,12,3,49,2014,576
2014-12-04,2014,49,12,4,49,2014,599
2014-12-05,2014,49,12,5,49,2014,484
2014-12-06,2014,49,12,6,49,2014,205
2014-12-07,2014,49,12,7,49,2014,167
2014-12-08,2014,50,12,1,50,2014,835
2014-12-09,2014,50,12,2,50,2014,706
2014-12-10,2014,50,12,3,50,2014,655
2014-12-11,2014,50,12,4,50,2014,606
2014-12-12,2014,50,12,5,50,2014,646
2014-12-13,2014,50,12,6,50,2014,182
2014-12-14,2014,50,12,7,50,2014,153
2014-12-15,2014,51,12,1,51,2014,838
2014-12-16,2014,51,12,2,51,2014,690
2014-12-17,2014,51,12,3,51,2014,659
2014-12-18,2014,51,12,4,51,2014,549
2014-12-19,2014,51,12,5,51,2014,493
2014-12-20,2014,51,12,6,51,2014,278
2014-12-21,2014,51,12,7,51,2014,175
2014-12-22,2014,52,12,1,52,2014,712
2014-12-23,2014,52,12,2,52,2014,422
2014-12-24,2014,52,12,3,52,2014,406
2014-12-25,2014,52,12,4,52,2014,349
2014-12-26,2014,52,12,5,52,2014,332
2014-12-27,2014,52,12,6,52,2014,176
2014-12-28,2014,52,12,7,52,2014,118
2014-12-29,2014,1,12,1,1,2015,367
2014-12-30,2014,1,12,2,1,2015,307
2014-12-31,2014,1,12,3,1,2015,371
2015-01-01,2015,1,1,4,1,2015,85
2015-01-02,2015,1,1,5,1,2015,144
2015-01-03,2015,1,1,6,1,2015,115
2015-01-04,2015,1,1,7,1,2015,202
2015-01-05,2015,2,1,1,2,2015,246
2015-01-06,2015,2,1,2,2,2015,162
2015-01-07,2015,2,1,3,2,2015,161
2015-01-08,2015,2,1,4,2,2015,211
2015-01-09,2015,2,1,5,2,2015,186
2015-01-10,2015,2,1,6,2,2015,111
2015-01-11,2015,2,1,7,2,2015,97
2015-01-12,2015,3,1,1,3,2015,451
2015-01-13,2015,3,1,2,3,2015,387
2015-01-14,2015,3,1,3,3,2015,298
2015-01-15,2015,3,1,4,3,2015,252
2015-01-16,2015,3,1,5,3,2015,233
2015-01-17,2015,3,1,6,3,2015,112
2015-01-18,2015,3,1,7,3,2015,82
2015-01-19,2015,4,1,1,4,2015,391
2015-01-20,2015,4,1,2,4,2015,290
2015-01-21,2015,4,1,3,4,2015,320
2015-01-22,2015,4,1,4,4,2015,298
2015-01-23,2015,4,1,5,4,2015,291
2015-01-24,2015,4,1,6,4,2015,113
2015-01-25,2015,4,1,7,4,2015,87
2015-01-26,2015,5,1,1,5,2015,382
2015-01-27,2015,5,1,2,5,2015,425
2015-01-28,2015,5,1,3,5,2015,379
2015-01-29,2015,5,1,4,5,2015,294
2015-01-30,2015,5,1,5,5,2015,309
2015-01-31,2015,5,1,6,5,2015,170
2015-02-01,2015,5,2,7,5,2015,102
2015-02-02,2015,6,2,1,6,2015,584
2015-02-03,2015,6,2,2,6,2015,539
2015-02-04,2015,6,2,3,6,2015,645
2015-02-05,2015,6,2,4,6,2015,554
2015-02-06,2015,6,2,5,6,2015,487
2015-02-07,2015,6,2,6,6,2015,223
2015-02-08,2015,6,2,7,6,2015,144
2015-02-09,2015,7,2,1,7,2015,915
2015-02-10,2015,7,2,2,7,2015,668
2015-02-11,2015,7,2,3,7,2015,756
2015-02-12,2015,7,2,4,7,2015,633
2015-02-13,2015,7,2,5,7,2015,572
2015-02-14,2015,7,2,6,7,2015,243
2015-02-15,2015,7,2,7,7,2015,208
2015-02-16,2015,8,2,1,8,2015,681
2015-02-17,2015,8,2,2,8,2015,693
2015-02-18,2015,8,2,3,8,2015,602
2015-02-19,2015,8,2,4,8,2015,534
2015-02-20,2015,8,2,5,8,2015,488
2015-02-21,2015,8,2,6,8,2015,231
2015-02-22,2015,8,2,7,8,2015,195
2015-02-23,2015,9,2,1,9,2015,149
2015-02-24,2015,9,2,2,9,2015,735
2015-02-25,2015,9,2,3,9,2015,611
2015-02-26,2015,9,2,4,9,2015,501
2015-02-27,2015,9,2,5,9,2015,437
2015-02-28,2015,9,2,6,9,2015,169
2015-03-01,2015,9,3,7,9,2015,113
2015-03-02,2015,10,3,1,10,2015,604
2015-03-03,2015,10,3,2,10,2015,470
2015-03-04,2015,10,3,3,10,2015,476
2015-03-05,2015,10,3,4,10,2015,426
2015-03-06,2015,10,3,5,10,2015,343
2015-03-07,2015,10,3,6,10,2015,181
2015-03-08,2015,10,3,7,10,2015,176
2015-03-09,2015,11,3,1,11,2015,125
2015-03-10,2015,11,3,2,11,2015,858
2015-03-11,2015,11,3,3,11,2015,698
2015-03-12,2015,11,3,4,11,2015,602
2015-03-13,2015,11,3,5,11,2015,361
2015-03-14,2015,11,3,6,11,2015,168
2015-03-15,2015,11,3,7,11,2015,224
2015-03-16,2015,12,3,1,12,2015,762
2015-03-17,2015,12,3,2,12,2015,704
2015-03-18,2015,12,3,3,12,2015,542
2015-03-19,2015,12,3,4,12,2015,504
2015-03-20,2015,12,3,5,12,2015,475
2015-03-21,2015,12,3,6,12,2015,246
2015-03-22,2015,12,3,7,12,2015,133
2015-03-23,2015,13,3,1,13,2015,681
2015-03-24,2015,13,3,2,13,2015,636
2015-03-25,2015,13,3,3,13,2015,499
2015-03-26,2015,13,3,4,13,2015,404
2015-03-27,2015,13,3,5,13,2015,400
2015-03-28,2015,13,3,6,13,2015,179
2015-03-29,2015,13,3,7,13,2015,92
2015-03-30,2015,14,3,1,14,2015,554
2015-03-31,2015,14,3,2,14,2015,533
2015-04-01,2015,14,4,3,14,2015,485
2015-04-02,2015,14,4,4,14,2015,421
2015-04-03,2015,14,4,5,14,2015,403
2015-04-04,2015,14,4,6,14,2015,211
2015-04-05,2015,14,4,7,14,2015,106
2015-04-06,2015,15,4,1,15,2015,610
2015-04-07,2015,15,4,2,15,2015,503
2015-04-08,2015,15,4,3,15,2015,456
2015-04-09,2015,15,4,4,15,2015,365
2015-04-10,2015,15,4,5,15,2015,313
2015-04-11,2015,15,4,6,15,2015,155
2015-04-12,2015,15,4,7,15,2015,90
2015-04-13,2015,16,4,1,16,2015,525
2015-04-14,2015,16,4,2,16,2015,517
2015-04-15,2015,16,4,3,16,2015,375
2015-04-16,2015,16,4,4,16,2015,397
2015-04-17,2015,16,4,5,16,2015,370
2015-04-18,2015,16,4,6,16,2015,133
2015-04-19,2015,16,4,7,16,2015,100
2015-04-20,2015,17,4,1,17,2015,556
2015-04-21,2015,17,4,2,17,2015,517
2015-04-22,2015,17,4,3,17,2015,351
2015-04-23,2015,17,4,4,17,2015,363
2015-04-24,2015,17,4,5,17,2015,348
2015-04-25,2015,17,4,6,17,2015,147
2015-04-26,2015,17,4,7,17,2015,102
2015-04-27,2015,18,4,1,18,2015,166
2015-04-28,2015,18,4,2,18,2015,428
2015-04-29,2015,18,4,3,18,2015,363
2015-04-30,2015,18,4,4,18,2015,306
2015-05-01,2015,18,5,5,18,2015,96
2015-05-02,2015,18,5,6,18,2015,138
2015-05-03,2015,18,5,7,18,2015,142
2015-05-04,2015,19,5,1,19,2015,135
2015-05-05,2015,19,5,2,19,2015,349
2015-05-06,2015,19,5,3,19,2015,341
2015-05-07,2015,19,5,4,19,2015,299
2015-05-08,2015,19,5,5,19,2015,287
2015-05-09,2015,19,5,6,19,2015,66
2015-05-10,2015,19,5,7,19,2015,87
2015-05-11,2015,20,5,1,20,2015,144
2015-05-12,2015,20,5,2,20,2015,379
2015-05-13,2015,20,5,3,20,2015,261
2015-05-14,2015,20,5,4,20,2015,298
2015-05-15,2015,20,5,5,20,2015,255
2015-05-16,2015,20,5,6,20,2015,93
2015-05-17,2015,20,5,7,20,2015,61
2015-05-18,2015,21,5,1,21,2015,410
2015-05-19,2015,21,5,2,21,2015,330
2015-05-20,2015,21,5,3,21,2015,226
2015-05-21,2015,21,5,4,21,2015,280
2015-05-22,2015,21,5,5,21,2015,230
2015-05-23,2015,21,5,6,21,2015,91
2015-05-24,2015,21,5,7,21,2015,58
2015-05-25,2015,22,5,1,22,2015,331
2015-05-26,2015,22,5,2,22,2015,221
2015-05-27,2015,22,5,3,22,2015,202
2015-05-28,2015,22,5,4,22,2015,204
2015-05-29,2015,22,5,5,22,2015,197
2015-05-30,2015,22,5,6,22,2015,76
2015-05-31,2015,22,5,7,22,2015,58
2015-06-01,2015,23,6,1,23,2015,230
2015-06-02,2015,23,6,2,23,2015,233
2015-06-03,2015,23,6,3,23,2015,197
2015-06-04,2015,23,6,4,23,2015,201
2015-06-05,2015,23,6,5,23,2015,235
2015-06-06,2015,23,6,6,23,2015,74
2015-06-07,2015,23,6,7,23,2015,47
2015-06-08,2015,24,6,1,24,2015,215
2015-06-09,2015,24,6,2,24,2015,190
2015-06-10,2015,24,6,3,24,2015,186
2015-06-11,2015,24,6,4,24,2015,156
2015-06-12,2015,24,6,5,24,2015,71
2015-06-13,2015,24,6,6,24,2015,67
2015-06-14,2015,24,6,7,24,2015,55
2015-06-15,2015,25,6,1,25,2015,234
2015-06-16,2015,25,6,2,25,2015,185
2015-06-17,2015,25,6,3,25,2015,167
2015-06-18,2015,25,6,4,25,2015,139
2015-06-19,2015,25,6,5,25,2015,157
2015-06-20,2015,25,6,6,25,2015,70
2015-06-21,2015,25,6,7,25,2015,42
2015-06-22,2015,26,6,1,26,2015,203
2015-06-23,2015,26,6,2,26,2015,128
2015-06-24,2015,26,6,3,26,2015,112
2015-06-25,2015,26,6,4,26,2015,169
2015-06-26,2015,26,6,5,26,2015,139
2015-06-27,2015,26,6,6,26,2015,59
2015-06-28,2015,26,6,7,26,2015,34
2015-06-29,2015,27,6,1,27,2015,188
2015-06-30,2015,27,6,2,27,2015,138
2015-07-01,2015,27,7,3,27,2015,116
2015-07-02,2015,27,7,4,27,2015,141
2015-07-03,2015,27,7,5,27,2015,149
2015-07-04,2015,27,7,6,27,2015,59
2015-07-05,2015,27,7,7,27,2015,40
2015-07-06,2015,28,7,1,28,2015,155
2015-07-07,2015,28,7,2,28,2015,114
2015-07-08,2015,28,7,3,28,2015,113
2015-07-09,2015,28,7,4,28,2015,114
2015-07-10,2015,28,7,5,28,2015,117
2015-07-11,2015,28,7,6,28,2015,62
2015-07-12,2015,28,7,7,28,2015,29
2015-07-13,2015,29,7,1,29,2015,148
2015-07-14,2015,29,7,2,29,2015,101
2015-07-15,2015,29,7,3,29,2015,136
2015-07-16,2015,29,7,4,29,2015,119
2015-07-17,2015,29,7,5,29,2015,109
2015-07-18,2015,29,7,6,29,2015,38
2015-07-19,2015,29,7,7,29,2015,38
2015-07-20,2015,30,7,1,30,2015,123
2015-07-21,2015,30,7,2,30,2015,136
2015-07-22,2015,30,7,3,30,2015,123
2015-07-23,2015,30,7,4,30,2015,118
2015-07-24,2015,30,7,5,30,2015,104
2015-07-25,2015,30,7,6,30,2015,43
2015-07-26,2015,30,7,7,30,2015,33
2015-07-27,2015,31,7,1,31,2015,140
2015-07-28,2015,31,7,2,31,2015,109
2015-07-29,2015,31,7,3,31,2015,87
2015-07-30,2015,31,7,4,31,2015,109
2015-07-31,2015,31,7,5,31,2015,151
2015-08-01,2015,31,8,6,31,2015,57
2015-08-02,2015,31,8,7,31,2015,40
2015-08-03,2015,32,8,1,32,2015,127
2015-08-04,2015,32,8,2,32,2015,152
2015-08-05,2015,32,8,3,32,2015,141
2015-08-06,2015,32,8,4,32,2015,117
2015-08-07,2015,32,8,5,32,2015,84
2015-08-08,2015,32,8,6,32,2015,48
2015-08-09,2015,32,8,7,32,2015,39
2015-08-10,2015,33,8,1,33,2015,174
2015-08-11,2015,33,8,2,33,2015,178
2015-08-12,2015,33,8,3,33,2015,151
2015-08-13,2015,33,8,4,33,2015,156
2015-08-14,2015,33,8,5,33,2015,170
2015-08-15,2015,33,8,6,33,2015,63
2015-08-16,2015,33,8,7,33,2015,54
2015-08-17,2015,34,8,1,34,2015,208
2015-08-18,2015,34,8,2,34,2015,189
2015-08-19,2015,34,8,3,34,2015,173
2015-08-20,2015,34,8,4,34,2015,139
2015-08-21,2015,34,8,5,34,2015,148
2015-08-22,2015,34,8,6,34,2015,84
2015-08-23,2015,34,8,7,34,2015,42
2015-08-24,2015,35,8,1,35,2015,182
2015-08-25,2015,35,8,2,35,2015,159
2015-08-26,2015,35,8,3,35,2015,152
2015-08-27,2015,35,8,4,35,2015,169
2015-08-28,2015,35,8,5,35,2015,138
2015-08-29,2015,35,8,6,35,2015,77
2015-08-30,2015,35,8,7,35,2015,48
2015-08-31,2015,36,8,1,36,2015,316
2015-09-01,2015,36,9,2,36,2015,225
2015-09-02,2015,36,9,3,36,2015,253
2015-09-03,2015,36,9,4,36,2015,219
2015-09-04,2015,36,9,5,36,2015,218
2015-09-05,2015,36,9,6,36,2015,76
2015-09-06,2015,36,9,7,36,2015,69
2015-09-07,2015,37,9,1,37,2015,354
2015-09-08,2015,37,9,2,37,2015,313
2015-09-09,2015,37,9,3,37,2015,281
2015-09-10,2015,37,9,4,37,2015,357
2015-09-11,2015,37,9,5,37,2015,330
2015-09-12,2015,37,9,6,37,2015,131
2015-09-13,2015,37,9,7,37,2015,82
2015-09-14,2015,38,9,1,38,2015,478
2015-09-15,2015,38,9,2,38,2015,558
2015-09-16,2015,38,9,3,38,2015,465
2015-09-17,2015,38,9,4,38,2015,491
2015-09-18,2015,38,9,5,38,2015,381
2015-09-19,2015,38,9,6,38,2015,103
2015-09-20,2015,38,9,7,38,2015,73
2015-09-21,2015,39,9,1,39,2015,524
2015-09-22,2015,39,9,2,39,2015,534
2015-09-23,2015,39,9,3,39,2015,514
2015-09-24,2015,39,9,4,39,2015,423
2015-09-25,2015,39,9,5,39,2015,439
2015-09-26,2015,39,9,6,39,2015,142
2015-09-27,2015,39,9,7,39,2015,95
2015-09-28,2015,40,9,1,40,2015,588
2015-09-29,2015,40,9,2,40,2015,502
2015-09-30,2015,40,9,3,40,2015,450
2015-10-01,2015,40,10,4,40,2015,437
2015-10-02,2015,40,10,5,40,2015,417
2015-10-03,2015,40,10,6,40,2015,132
2015-10-04,2015,40,10,7,40,2015,84
2015-10-05,2015,41,10,1,41,2015,607
2015-10-06,2015,41,10,2,41,2015,484
2015-10-07,2015,41,10,3,41,2015,470
2015-10-08,2015,41,10,4,41,2015,433
2015-10-09,2015,41,10,5,41,2015,545
2015-10-10,2015,41,10,6,41,2015,157
2015-10-11,2015,41,10,7,41,2015,79
2015-10-12,2015,42,10,1,42,2015,545
2015-10-13,2015,42,10,2,42,2015,527
2015-10-14,2015,42,10,3,42,2015,494
2015-10-15,2015,42,10,4,42,2015,421
2015-10-16,2015,42,10,5,42,2015,466
2015-10-17,2015,42,10,6,42,2015,133
2015-10-18,2015,42,10,7,42,2015,79
2015-10-19,2015,43,10,1,43,2015,484
2015-10-20,2015,43,10,2,43,2015,NA
2015-10-21,2015,43,10,3,43,2015,NA
2015-10-22,2015,43,10,4,43,2015,NA
2015-10-23,2015,43,10,5,43,2015,NA
2015-10-24,2015,43,10,6,43,2015,NA
2015-10-25,2015,43,10,7,43,2015,NA
2015-10-26,2015,44,10,1,44,2015,NA
2015-10-27,2015,44,10,2,44,2015,NA
2015-10-28,2015,44,10,3,44,2015,NA
2015-10-29,2015,44,10,4,44,2015,NA
2015-10-30,2015,44,10,5,44,2015,NA
2015-10-31,2015,44,10,6,44,2015,NA
2015-11-01,2015,44,11,7,44,2015,NA
2015-11-02,2015,45,11,1,45,2015,NA
2015-11-03,2015,45,11,2,45,2015,NA
2015-11-04,2015,45,11,3,45,2015,NA
2015-11-05,2015,45,11,4,45,2015,NA
2015-11-06,2015,45,11,5,45,2015,NA
2015-11-07,2015,45,11,6,45,2015,NA
2015-11-08,2015,45,11,7,45,2015,NA
2015-11-09,2015,46,11,1,46,2015,NA
2015-11-10,2015,46,11,2,46,2015,NA
2015-11-11,2015,46,11,3,46,2015,NA
2015-11-12,2015,46,11,4,46,2015,NA
2015-11-13,2015,46,11,5,46,2015,NA
2015-11-14,2015,46,11,6,46,2015,NA
2015-11-15,2015,46,11,7,46,2015,NA
2015-11-16,2015,47,11,1,47,2015,NA
2015-11-17,2015,47,11,2,47,2015,NA
2015-11-18,2015,47,11,3,47,2015,NA
2015-11-19,2015,47,11,4,47,2015,NA
2015-11-20,2015,47,11,5,47,2015,NA
2015-11-21,2015,47,11,6,47,2015,NA
2015-11-22,2015,47,11,7,47,2015,NA
2015-11-23,2015,48,11,1,48,2015,NA
2015-11-24,2015,48,11,2,48,2015,NA
2015-11-25,2015,48,11,3,48,2015,NA
2015-11-26,2015,48,11,4,48,2015,NA
2015-11-27,2015,48,11,5,48,2015,NA
2015-11-28,2015,48,11,6,48,2015,NA
2015-11-29,2015,48,11,7,48,2015,NA
2015-11-30,2015,49,11,1,49,2015,NA
2015-12-01,2015,49,12,2,49,2015,NA
2015-12-02,2015,49,12,3,49,2015,NA
2015-12-03,2015,49,12,4,49,2015,NA
2015-12-04,2015,49,12,5,49,2015,NA
2015-12-05,2015,49,12,6,49,2015,NA
2015-12-06,2015,49,12,7,49,2015,NA
2015-12-07,2015,50,12,1,50,2015,NA
2015-12-08,2015,50,12,2,50,2015,NA
2015-12-09,2015,50,12,3,50,2015,NA
2015-12-10,2015,50,12,4,50,2015,NA
2015-12-11,2015,50,12,5,50,2015,NA
2015-12-12,2015,50,12,6,50,2015,NA
2015-12-13,2015,50,12,7,50,2015,NA
2015-12-14,2015,51,12,1,51,2015,NA
2015-12-15,2015,51,12,2,51,2015,NA
2015-12-16,2015,51,12,3,51,2015,NA
2015-12-17,2015,51,12,4,51,2015,NA
2015-12-18,2015,51,12,5,51,2015,NA
2015-12-19,2015,51,12,6,51,2015,NA
2015-12-20,2015,51,12,7,51,2015,NA
2015-12-21,2015,52,12,1,52,2015,NA
2015-12-22,2015,52,12,2,52,2015,NA
2015-12-23,2015,52,12,3,52,2015,NA
2015-12-24,2015,52,12,4,52,2015,NA
2015-12-25,2015,52,12,5,52,2015,NA
2015-12-26,2015,52,12,6,52,2015,NA
2015-12-27,2015,52,12,7,52,2015,NA
2015-12-28,2015,53,12,1,53,2015,459
2015-12-29,2015,53,12,2,53,2015,363
2015-12-30,2015,53,12,3,53,2015,372
2015-12-31,2015,53,12,4,53,2015,223
2016-01-01,2016,53,1,5,53,2015,91
2016-01-02,2016,53,1,6,53,2015,203
2016-01-03,2016,53,1,7,53,2015,196
2016-01-04,2016,1,1,1,1,2016,362
2016-01-05,2016,1,1,2,1,2016,246
2016-01-06,2016,1,1,3,1,2016,291
2016-01-07,2016,1,1,4,1,2016,238
2016-01-08,2016,1,1,5,1,2016,247
2016-01-09,2016,1,1,6,1,2016,198
2016-01-10,2016,1,1,7,1,2016,154
2016-01-11,2016,2,1,1,2,2016,526
2016-01-12,2016,2,1,2,2,2016,540
2016-01-13,2016,2,1,3,2,2016,432
2016-01-14,2016,2,1,4,2,2016,399
2016-01-15,2016,2,1,5,2,2016,400
2016-01-16,2016,2,1,6,2,2016,180
2016-01-17,2016,2,1,7,2,2016,127
2016-01-18,2016,3,1,1,3,2016,748
2016-01-19,2016,3,1,2,3,2016,688
2016-01-20,2016,3,1,3,3,2016,778
2016-01-21,2016,3,1,4,3,2016,814
2016-01-22,2016,3,1,5,3,2016,892
2016-01-23,2016,3,1,6,3,2016,486
2016-01-24,2016,3,1,7,3,2016,401
2016-01-25,2016,4,1,1,4,2016,1289
2016-01-26,2016,4,1,2,4,2016,1104
2016-01-27,2016,4,1,3,4,2016,1035
2016-01-28,2016,4,1,4,4,2016,1e3
2016-01-29,2016,4,1,5,4,2016,1018
2016-01-30,2016,4,1,6,4,2016,576
2016-01-31,2016,4,1,7,4,2016,402
2016-02-01,2016,5,2,1,5,2016,1248
2016-02-02,2016,5,2,2,5,2016,1103
2016-02-03,2016,5,2,3,5,2016,882
2016-02-04,2016,5,2,4,5,2016,739
2016-02-05,2016,5,2,5,5,2016,734
2016-02-06,2016,5,2,6,5,2016,371
2016-02-07,2016,5,2,7,5,2016,309
2016-02-08,2016,6,2,1,6,2016,980
2016-02-09,2016,6,2,2,6,2016,788
2016-02-10,2016,6,2,3,6,2016,647
2016-02-11,2016,6,2,4,6,2016,563
2016-02-12,2016,6,2,5,6,2016,600
2016-02-13,2016,6,2,6,6,2016,242
2016-02-14,2016,6,2,7,6,2016,182
2016-02-15,2016,7,2,1,7,2016,764
2016-02-16,2016,7,2,2,7,2016,639
2016-02-17,2016,7,2,3,7,2016,502
2016-02-18,2016,7,2,4,7,2016,662
2016-02-19,2016,7,2,5,7,2016,466
2016-02-20,2016,7,2,6,7,2016,562
2016-02-21,2016,7,2,7,7,2016,259
2016-02-22,2016,8,2,1,8,2016,455
2016-02-23,2016,8,2,2,8,2016,303
2016-02-24,2016,8,2,3,8,2016,1006
2016-02-25,2016,8,2,4,8,2016,951
2016-02-26,2016,8,2,5,8,2016,679
2016-02-27,2016,8,2,6,8,2016,312
2016-02-28,2016,8,2,7,8,2016,211
2016-02-29,2016,9,2,1,9,2016,993
2016-03-01,2016,9,3,2,9,2016,821
2016-03-02,2016,9,3,3,9,2016,731
2016-03-03,2016,9,3,4,9,2016,709
2016-03-04,2016,9,3,5,9,2016,622
2016-03-05,2016,9,3,6,9,2016,357
2016-03-06,2016,9,3,7,9,2016,324
2016-03-07,2016,10,3,1,10,2016,342
2016-03-08,2016,10,3,2,10,2016,177
2016-03-09,2016,10,3,3,10,2016,992
2016-03-10,2016,10,3,4,10,2016,942
2016-03-11,2016,10,3,5,10,2016,782
2016-03-12,2016,10,3,6,10,2016,252
2016-03-13,2016,10,3,7,10,2016,194
2016-03-14,2016,11,3,1,11,2016,977
2016-03-15,2016,11,3,2,11,2016,659
2016-03-16,2016,11,3,3,11,2016,633
2016-03-17,2016,11,3,4,11,2016,552
2016-03-18,2016,11,3,5,11,2016,618
2016-03-19,2016,11,3,6,11,2016,230
2016-03-20,2016,11,3,7,11,2016,162
2016-03-21,2016,12,3,1,12,2016,916
2016-03-22,2016,12,3,2,12,2016,612
2016-03-23,2016,12,3,3,12,2016,505
2016-03-24,2016,12,3,4,12,2016,503
2016-03-25,2016,12,3,5,12,2016,493
2016-03-26,2016,12,3,6,12,2016,237
2016-03-27,2016,12,3,7,12,2016,147
2016-03-28,2016,13,3,1,13,2016,770
2016-03-29,2016,13,3,2,13,2016,551
2016-03-30,2016,13,3,3,13,2016,520
2016-03-31,2016,13,3,4,13,2016,520
2016-04-01,2016,13,4,5,13,2016,517
2016-04-02,2016,13,4,6,13,2016,231
2016-04-03,2016,13,4,7,13,2016,154
2016-04-04,2016,14,4,1,14,2016,718
2016-04-05,2016,14,4,2,14,2016,533
2016-04-06,2016,14,4,3,14,2016,565
2016-04-07,2016,14,4,4,14,2016,555
2016-04-08,2016,14,4,5,14,2016,522
2016-04-09,2016,14,4,6,14,2016,193
2016-04-10,2016,14,4,7,14,2016,136
2016-04-11,2016,15,4,1,15,2016,723
2016-04-12,2016,15,4,2,15,2016,584
2016-04-13,2016,15,4,3,15,2016,508
2016-04-14,2016,15,4,4,15,2016,524
2016-04-15,2016,15,4,5,15,2016,565
2016-04-16,2016,15,4,6,15,2016,169
2016-04-17,2016,15,4,7,15,2016,138
2016-04-18,2016,16,4,1,16,2016,587
2016-04-19,2016,16,4,2,16,2016,544
2016-04-20,2016,16,4,3,16,2016,513
2016-04-21,2016,16,4,4,16,2016,464
2016-04-22,2016,16,4,5,16,2016,545
2016-04-23,2016,16,4,6,16,2016,193
2016-04-24,2016,16,4,7,16,2016,141
2016-04-25,2016,17,4,1,17,2016,705
2016-04-26,2016,17,4,2,17,2016,467
2016-04-27,2016,17,4,3,17,2016,154
2016-04-28,2016,17,4,4,17,2016,550
2016-04-29,2016,17,4,5,17,2016,440
2016-04-30,2016,17,4,6,17,2016,187
2016-05-01,2016,17,5,7,17,2016,135
2016-05-02,2016,18,5,1,18,2016,256
2016-05-03,2016,18,5,2,18,2016,259
2016-05-04,2016,18,5,3,18,2016,676
2016-05-05,2016,18,5,4,18,2016,502
2016-05-06,2016,18,5,5,18,2016,429
2016-05-07,2016,18,5,6,18,2016,165
2016-05-08,2016,18,5,7,18,2016,117
2016-05-09,2016,19,5,1,19,2016,136
2016-05-10,2016,19,5,2,19,2016,591
2016-05-11,2016,19,5,3,19,2016,452
2016-05-12,2016,19,5,4,19,2016,373
2016-05-13,2016,19,5,5,19,2016,322
2016-05-14,2016,19,5,6,19,2016,145
2016-05-15,2016,19,5,7,19,2016,104
2016-05-16,2016,20,5,1,20,2016,543
2016-05-17,2016,20,5,2,20,2016,409
2016-05-18,2016,20,5,3,20,2016,346
2016-05-19,2016,20,5,4,20,2016,330
2016-05-20,2016,20,5,5,20,2016,359
2016-05-21,2016,20,5,6,20,2016,116
2016-05-22,2016,20,5,7,20,2016,103
2016-05-23,2016,21,5,1,21,2016,597
2016-05-24,2016,21,5,2,21,2016,382
2016-05-25,2016,21,5,3,21,2016,373
2016-05-26,2016,21,5,4,21,2016,314
2016-05-27,2016,21,5,5,21,2016,292
2016-05-28,2016,21,5,6,21,2016,126
2016-05-29,2016,21,5,7,21,2016,94
2016-05-30,2016,22,5,1,22,2016,520
2016-05-31,2016,22,5,2,22,2016,325
2016-06-01,2016,22,6,3,22,2016,275
2016-06-02,2016,22,6,4,22,2016,287
2016-06-03,2016,22,6,5,22,2016,278
2016-06-04,2016,22,6,6,22,2016,125
2016-06-05,2016,22,6,7,22,2016,87
2016-06-06,2016,23,6,1,23,2016,348
2016-06-07,2016,23,6,2,23,2016,256
2016-06-08,2016,23,6,3,23,2016,245
2016-06-09,2016,23,6,4,23,2016,214
2016-06-10,2016,23,6,5,23,2016,231
2016-06-11,2016,23,6,6,23,2016,117
2016-06-12,2016,23,6,7,23,2016,90
2016-06-13,2016,24,6,1,24,2016,127
2016-06-14,2016,24,6,2,24,2016,307
2016-06-15,2016,24,6,3,24,2016,250
2016-06-16,2016,24,6,4,24,2016,187
2016-06-17,2016,24,6,5,24,2016,173
2016-06-18,2016,24,6,6,24,2016,101
2016-06-19,2016,24,6,7,24,2016,61
2016-06-20,2016,25,6,1,25,2016,299
2016-06-21,2016,25,6,2,25,2016,97
2016-06-22,2016,25,6,3,25,2016,238
2016-06-23,2016,25,6,4,25,2016,182
2016-06-24,2016,25,6,5,25,2016,205
2016-06-25,2016,25,6,6,25,2016,63
2016-06-26,2016,25,6,7,25,2016,65
2016-06-27,2016,26,6,1,26,2016,267
2016-06-28,2016,26,6,2,26,2016,225
2016-06-29,2016,26,6,3,26,2016,212
2016-06-30,2016,26,6,4,26,2016,183
2016-07-01,2016,26,7,5,26,2016,197
2016-07-02,2016,26,7,6,26,2016,87
2016-07-03,2016,26,7,7,26,2016,66
2016-07-04,2016,27,7,1,27,2016,237
2016-07-05,2016,27,7,2,27,2016,183
2016-07-06,2016,27,7,3,27,2016,152
2016-07-07,2016,27,7,4,27,2016,190
2016-07-08,2016,27,7,5,27,2016,173
2016-07-09,2016,27,7,6,27,2016,70
2016-07-10,2016,27,7,7,27,2016,49
2016-07-11,2016,28,7,1,28,2016,249
2016-07-12,2016,28,7,2,28,2016,254
2016-07-13,2016,28,7,3,28,2016,195
2016-07-14,2016,28,7,4,28,2016,202
2016-07-15,2016,28,7,5,28,2016,177
2016-07-16,2016,28,7,6,28,2016,68
2016-07-17,2016,28,7,7,28,2016,55
2016-07-18,2016,29,7,1,29,2016,215
2016-07-19,2016,29,7,2,29,2016,210
2016-07-20,2016,29,7,3,29,2016,196
2016-07-21,2016,29,7,4,29,2016,175
2016-07-22,2016,29,7,5,29,2016,181
2016-07-23,2016,29,7,6,29,2016,50
2016-07-24,2016,29,7,7,29,2016,65
2016-07-25,2016,30,7,1,30,2016,250
2016-07-26,2016,30,7,2,30,2016,199
2016-07-27,2016,30,7,3,30,2016,238
2016-07-28,2016,30,7,4,30,2016,162
2016-07-29,2016,30,7,5,30,2016,182
2016-07-30,2016,30,7,6,30,2016,53
2016-07-31,2016,30,7,7,30,2016,60
2016-08-01,2016,31,8,1,31,2016,230
2016-08-02,2016,31,8,2,31,2016,186
2016-08-03,2016,31,8,3,31,2016,181
2016-08-04,2016,31,8,4,31,2016,191
2016-08-05,2016,31,8,5,31,2016,155
2016-08-06,2016,31,8,6,31,2016,88
2016-08-07,2016,31,8,7,31,2016,58
2016-08-08,2016,32,8,1,32,2016,277
2016-08-09,2016,32,8,2,32,2016,267
2016-08-10,2016,32,8,3,32,2016,192
2016-08-11,2016,32,8,4,32,2016,201
2016-08-12,2016,32,8,5,32,2016,209
2016-08-13,2016,32,8,6,32,2016,83
2016-08-14,2016,32,8,7,32,2016,29
2016-08-15,2016,33,8,1,33,2016,264
2016-08-16,2016,33,8,2,33,2016,260
2016-08-17,2016,33,8,3,33,2016,252
2016-08-18,2016,33,8,4,33,2016,212
2016-08-19,2016,33,8,5,33,2016,255
2016-08-20,2016,33,8,6,33,2016,75
2016-08-21,2016,33,8,7,33,2016,58
2016-08-22,2016,34,8,1,34,2016,278
2016-08-23,2016,34,8,2,34,2016,235
2016-08-24,2016,34,8,3,34,2016,194
2016-08-25,2016,34,8,4,34,2016,240
2016-08-26,2016,34,8,5,34,2016,229
2016-08-27,2016,34,8,6,34,2016,98
2016-08-28,2016,34,8,7,34,2016,87
2016-08-29,2016,35,8,1,35,2016,236
2016-08-30,2016,35,8,2,35,2016,249
2016-08-31,2016,35,8,3,35,2016,216
2016-09-01,2016,35,9,4,35,2016,233
2016-09-02,2016,35,9,5,35,2016,264
2016-09-03,2016,35,9,6,35,2016,169
2016-09-04,2016,35,9,7,35,2016,103
2016-09-05,2016,36,9,1,36,2016,356
2016-09-06,2016,36,9,2,36,2016,350
2016-09-07,2016,36,9,3,36,2016,230
2016-09-08,2016,36,9,4,36,2016,318
2016-09-09,2016,36,9,5,36,2016,335
2016-09-10,2016,36,9,6,36,2016,218
2016-09-11,2016,36,9,7,36,2016,98
2016-09-12,2016,37,9,1,37,2016,468
2016-09-13,2016,37,9,2,37,2016,447
2016-09-14,2016,37,9,3,37,2016,484
2016-09-15,2016,37,9,4,37,2016,475
2016-09-16,2016,37,9,5,37,2016,453
2016-09-17,2016,37,9,6,37,2016,132
2016-09-18,2016,37,9,7,37,2016,106
2016-09-19,2016,38,9,1,38,2016,553
2016-09-20,2016,38,9,2,38,2016,513
2016-09-21,2016,38,9,3,38,2016,421
2016-09-22,2016,38,9,4,38,2016,429
2016-09-23,2016,38,9,5,38,2016,396
2016-09-24,2016,38,9,6,38,2016,149
2016-09-25,2016,38,9,7,38,2016,95
2016-09-26,2016,39,9,1,39,2016,504
2016-09-27,2016,39,9,2,39,2016,431
2016-09-28,2016,39,9,3,39,2016,465
2016-09-29,2016,39,9,4,39,2016,386
2016-09-30,2016,39,9,5,39,2016,380
2016-10-01,2016,39,10,6,39,2016,141
2016-10-02,2016,39,10,7,39,2016,118
2016-10-03,2016,40,10,1,40,2016,506
2016-10-04,2016,40,10,2,40,2016,389
2016-10-05,2016,40,10,3,40,2016,408
2016-10-06,2016,40,10,4,40,2016,382
2016-10-07,2016,40,10,5,40,2016,363
2016-10-08,2016,40,10,6,40,2016,167
2016-10-09,2016,40,10,7,40,2016,142
2016-10-10,2016,41,10,1,41,2016,582
2016-10-11,2016,41,10,2,41,2016,510
2016-10-12,2016,41,10,3,41,2016,420
2016-10-13,2016,41,10,4,41,2016,351
2016-10-14,2016,41,10,5,41,2016,375
2016-10-15,2016,41,10,6,41,2016,182
2016-10-16,2016,41,10,7,41,2016,105
2016-10-17,2016,42,10,1,42,2016,565
2016-10-18,2016,42,10,2,42,2016,442
2016-10-19,2016,42,10,3,42,2016,373
2016-10-20,2016,42,10,4,42,2016,336
2016-10-21,2016,42,10,5,42,2016,367
2016-10-22,2016,42,10,6,42,2016,195
2016-10-23,2016,42,10,7,42,2016,125
2016-10-24,2016,43,10,1,43,2016,569
2016-10-25,2016,43,10,2,43,2016,498
2016-10-26,2016,43,10,3,43,2016,434
2016-10-27,2016,43,10,4,43,2016,399
2016-10-28,2016,43,10,5,43,2016,410
2016-10-29,2016,43,10,6,43,2016,145
2016-10-30,2016,43,10,7,43,2016,176
2016-10-31,2016,44,10,1,44,2016,547
2016-11-01,2016,44,11,2,44,2016,465
2016-11-02,2016,44,11,3,44,2016,408
2016-11-03,2016,44,11,4,44,2016,360
2016-11-04,2016,44,11,5,44,2016,200
2016-11-05,2016,44,11,6,44,2016,254
2016-11-06,2016,44,11,7,44,2016,202
2016-11-07,2016,45,11,1,45,2016,703
2016-11-08,2016,45,11,2,45,2016,513
2016-11-09,2016,45,11,3,45,2016,461
2016-11-10,2016,45,11,4,45,2016,450
2016-11-11,2016,45,11,5,45,2016,394
2016-11-12,2016,45,11,6,45,2016,224
2016-11-13,2016,45,11,7,45,2016,147
2016-11-14,2016,46,11,1,46,2016,730
2016-11-15,2016,46,11,2,46,2016,488
2016-11-16,2016,46,11,3,46,2016,463
2016-11-17,2016,46,11,4,46,2016,515
2016-11-18,2016,46,11,5,46,2016,431
2016-11-19,2016,46,11,6,46,2016,271
2016-11-20,2016,46,11,7,46,2016,200
2016-11-21,2016,47,11,1,47,2016,708
2016-11-22,2016,47,11,2,47,2016,583
2016-11-23,2016,47,11,3,47,2016,640
2016-11-24,2016,47,11,4,47,2016,577
2016-11-25,2016,47,11,5,47,2016,555
2016-11-26,2016,47,11,6,47,2016,233
2016-11-27,2016,47,11,7,47,2016,174
2016-11-28,2016,48,11,1,48,2016,798
2016-11-29,2016,48,11,2,48,2016,649
2016-11-30,2016,48,11,3,48,2016,720
2016-12-01,2016,48,12,4,48,2016,678
2016-12-02,2016,48,12,5,48,2016,559
2016-12-03,2016,48,12,6,48,2016,272
2016-12-04,2016,48,12,7,48,2016,170
2016-12-05,2016,49,12,1,49,2016,981
2016-12-06,2016,49,12,2,49,2016,793
2016-12-07,2016,49,12,3,49,2016,742
2016-12-08,2016,49,12,4,49,2016,669
2016-12-09,2016,49,12,5,49,2016,580
2016-12-10,2016,49,12,6,49,2016,226
2016-12-11,2016,49,12,7,49,2016,185
2016-12-12,2016,50,12,1,50,2016,901
2016-12-13,2016,50,12,2,50,2016,730
2016-12-14,2016,50,12,3,50,2016,662
2016-12-15,2016,50,12,4,50,2016,575
2016-12-16,2016,50,12,5,50,2016,451
2016-12-17,2016,50,12,6,50,2016,256
2016-12-18,2016,50,12,7,50,2016,168
2016-12-19,2016,51,12,1,51,2016,755
2016-12-20,2016,51,12,2,51,2016,606
2016-12-21,2016,51,12,3,51,2016,523
2016-12-22,2016,51,12,4,51,2016,493
2016-12-23,2016,51,12,5,51,2016,430
2016-12-24,2016,51,12,6,51,2016,192
2016-12-25,2016,51,12,7,51,2016,133
2016-12-26,2016,52,12,1,52,2016,815
2016-12-27,2016,52,12,2,52,2016,577
2016-12-28,2016,52,12,3,52,2016,520
2016-12-29,2016,52,12,4,52,2016,365
2016-12-30,2016,52,12,5,52,2016,403
2016-12-31,2016,52,12,6,52,2016,229
2017-01-01,2017,52,1,7,52,2016,214
2017-01-02,2017,1,1,1,1,2017,375
2017-01-03,2017,1,1,2,1,2017,436
2017-01-04,2017,1,1,3,1,2017,478
2017-01-05,2017,1,1,4,1,2017,521
2017-01-06,2017,1,1,5,1,2017,455
2017-01-07,2017,1,1,6,1,2017,375
2017-01-08,2017,1,1,7,1,2017,336
2017-01-09,2017,2,1,1,2,2017,939
2017-01-10,2017,2,1,2,2,2017,694
2017-01-11,2017,2,1,3,2,2017,671
2017-01-12,2017,2,1,4,2,2017,595
2017-01-13,2017,2,1,5,2,2017,569
2017-01-14,2017,2,1,6,2,2017,223
2017-01-15,2017,2,1,7,2,2017,164
2017-01-16,2017,3,1,1,3,2017,1175
2017-01-17,2017,3,1,2,3,2017,772
2017-01-18,2017,3,1,3,3,2017,768
2017-01-19,2017,3,1,4,3,2017,741
2017-01-20,2017,3,1,5,3,2017,778
2017-01-21,2017,3,1,6,3,2017,432
2017-01-22,2017,3,1,7,3,2017,270
2017-01-23,2017,4,1,1,4,2017,1264
2017-01-24,2017,4,1,2,4,2017,932
2017-01-25,2017,4,1,3,4,2017,841
2017-01-26,2017,4,1,4,4,2017,697
2017-01-27,2017,4,1,5,4,2017,629
2017-01-28,2017,4,1,6,4,2017,333
2017-01-29,2017,4,1,7,4,2017,307
2017-01-30,2017,5,1,1,5,2017,1082
2017-01-31,2017,5,1,2,5,2017,830
2017-02-01,2017,5,2,3,5,2017,719
2017-02-02,2017,5,2,4,5,2017,718
2017-02-03,2017,5,2,5,5,2017,648
2017-02-04,2017,5,2,6,5,2017,250
2017-02-05,2017,5,2,7,5,2017,198
2017-02-06,2017,6,2,1,6,2017,1133
2017-02-07,2017,6,2,2,6,2017,814
2017-02-08,2017,6,2,3,6,2017,723
2017-02-09,2017,6,2,4,6,2017,765
2017-02-10,2017,6,2,5,6,2017,884
2017-02-11,2017,6,2,6,6,2017,365
2017-02-12,2017,6,2,7,6,2017,281
2017-02-13,2017,7,2,1,7,2017,1887
2017-02-14,2017,7,2,2,7,2017,1299
2017-02-15,2017,7,2,3,7,2017,1237
2017-02-16,2017,7,2,4,7,2017,1161
2017-02-17,2017,7,2,5,7,2017,1213
2017-02-18,2017,7,2,6,7,2017,438
2017-02-19,2017,7,2,7,7,2017,348
2017-02-20,2017,8,2,1,8,2017,1727
2017-02-21,2017,8,2,2,8,2017,1149
2017-02-22,2017,8,2,3,8,2017,884
2017-02-23,2017,8,2,4,8,2017,384
2017-02-24,2017,8,2,5,8,2017,422
2017-02-25,2017,8,2,6,8,2017,379
2017-02-26,2017,8,2,7,8,2017,284
2017-02-27,2017,9,2,1,9,2017,1476
2017-02-28,2017,9,2,2,9,2017,926
2017-03-01,2017,9,3,3,9,2017,843
2017-03-02,2017,9,3,4,9,2017,790
2017-03-03,2017,9,3,5,9,2017,614
2017-03-04,2017,9,3,6,9,2017,614
2017-03-05,2017,9,3,7,9,2017,167
2017-03-06,2017,10,3,1,10,2017,876
2017-03-07,2017,10,3,2,10,2017,477
2017-03-08,2017,10,3,3,10,2017,149
2017-03-09,2017,10,3,4,10,2017,689
2017-03-10,2017,10,3,5,10,2017,527
2017-03-11,2017,10,3,6,10,2017,203
2017-03-12,2017,10,3,7,10,2017,167
2017-03-13,2017,11,3,1,11,2017,728
2017-03-14,2017,11,3,2,11,2017,637
2017-03-15,2017,11,3,3,11,2017,479
2017-03-16,2017,11,3,4,11,2017,410
2017-03-17,2017,11,3,5,11,2017,457
2017-03-18,2017,11,3,6,11,2017,203
2017-03-19,2017,11,3,7,11,2017,157
2017-03-20,2017,12,3,1,12,2017,685
2017-03-21,2017,12,3,2,12,2017,565
2017-03-22,2017,12,3,3,12,2017,517
2017-03-23,2017,12,3,4,12,2017,441
2017-03-24,2017,12,3,5,12,2017,411
2017-03-25,2017,12,3,6,12,2017,188
2017-03-26,2017,12,3,7,12,2017,136
2017-03-27,2017,13,3,1,13,2017,644
2017-03-28,2017,13,3,2,13,2017,455
2017-03-29,2017,13,3,3,13,2017,357
2017-03-30,2017,13,3,4,13,2017,388
2017-03-31,2017,13,3,5,13,2017,413
2017-04-01,2017,13,4,6,13,2017,172
2017-04-02,2017,13,4,7,13,2017,114
2017-04-03,2017,14,4,1,14,2017,625
2017-04-04,2017,14,4,2,14,2017,488
2017-04-05,2017,14,4,3,14,2017,399
2017-04-06,2017,14,4,4,14,2017,369
2017-04-07,2017,14,4,5,14,2017,418
2017-04-08,2017,14,4,6,14,2017,194
2017-04-09,2017,14,4,7,14,2017,115
2017-04-10,2017,15,4,1,15,2017,636
2017-04-11,2017,15,4,2,15,2017,511
2017-04-12,2017,15,4,3,15,2017,430
2017-04-13,2017,15,4,4,15,2017,459
2017-04-14,2017,15,4,5,15,2017,373
2017-04-15,2017,15,4,6,15,2017,209
2017-04-16,2017,15,4,7,15,2017,81
2017-04-17,2017,16,4,1,16,2017,651
2017-04-18,2017,16,4,2,16,2017,471
2017-04-19,2017,16,4,3,16,2017,396
2017-04-20,2017,16,4,4,16,2017,403
2017-04-21,2017,16,4,5,16,2017,374
2017-04-22,2017,16,4,6,16,2017,198
2017-04-23,2017,16,4,7,16,2017,108
2017-04-24,2017,17,4,1,17,2017,602
2017-04-25,2017,17,4,2,17,2017,372
2017-04-26,2017,17,4,3,17,2017,385
2017-04-27,2017,17,4,4,17,2017,106
2017-04-28,2017,17,4,5,17,2017,351
2017-04-29,2017,17,4,6,17,2017,186
2017-04-30,2017,17,4,7,17,2017,135
2017-05-01,2017,18,5,1,18,2017,88
2017-05-02,2017,18,5,2,18,2017,439
2017-05-03,2017,18,5,3,18,2017,409
2017-05-04,2017,18,5,4,18,2017,288
2017-05-05,2017,18,5,5,18,2017,316
2017-05-06,2017,18,5,6,18,2017,183
2017-05-07,2017,18,5,7,18,2017,121
2017-05-08,2017,19,5,1,19,2017,177
2017-05-09,2017,19,5,2,19,2017,75
2017-05-10,2017,19,5,3,19,2017,463
2017-05-11,2017,19,5,4,19,2017,364
2017-05-12,2017,19,5,5,19,2017,317
2017-05-13,2017,19,5,6,19,2017,172
2017-05-14,2017,19,5,7,19,2017,80
2017-05-15,2017,20,5,1,20,2017,437
2017-05-16,2017,20,5,2,20,2017,340
2017-05-17,2017,20,5,3,20,2017,335
2017-05-18,2017,20,5,4,20,2017,249
2017-05-19,2017,20,5,5,20,2017,250
2017-05-20,2017,20,5,6,20,2017,156
2017-05-21,2017,20,5,7,20,2017,92
2017-05-22,2017,21,5,1,21,2017,450
2017-05-23,2017,21,5,2,21,2017,301
2017-05-24,2017,21,5,3,21,2017,260
2017-05-25,2017,21,5,4,21,2017,226
2017-05-26,2017,21,5,5,21,2017,214
2017-05-27,2017,21,5,6,21,2017,128
2017-05-28,2017,21,5,7,21,2017,128
2017-05-29,2017,22,5,1,22,2017,332
2017-05-30,2017,22,5,2,22,2017,269
2017-05-31,2017,22,5,3,22,2017,249
2017-06-01,2017,22,6,4,22,2017,162
2017-06-02,2017,22,6,5,22,2017,158
2017-06-03,2017,22,6,6,22,2017,128
2017-06-04,2017,22,6,7,22,2017,95
2017-06-05,2017,23,6,1,23,2017,342
2017-06-06,2017,23,6,2,23,2017,267
2017-06-07,2017,23,6,3,23,2017,247
2017-06-08,2017,23,6,4,23,2017,232
2017-06-09,2017,23,6,5,23,2017,172
2017-06-10,2017,23,6,6,23,2017,118
2017-06-11,2017,23,6,7,23,2017,96
2017-06-12,2017,24,6,1,24,2017,121
2017-06-13,2017,24,6,2,24,2017,265
2017-06-14,2017,24,6,3,24,2017,179
2017-06-15,2017,24,6,4,24,2017,138
2017-06-16,2017,24,6,5,24,2017,155
2017-06-17,2017,24,6,6,24,2017,87
2017-06-18,2017,24,6,7,24,2017,72
2017-06-19,2017,25,6,1,25,2017,193
2017-06-20,2017,25,6,2,25,2017,167
2017-06-21,2017,25,6,3,25,2017,127
2017-06-22,2017,25,6,4,25,2017,202
2017-06-23,2017,25,6,5,25,2017,138
2017-06-24,2017,25,6,6,25,2017,88
2017-06-25,2017,25,6,7,25,2017,73
2017-06-26,2017,26,6,1,26,2017,161
2017-06-27,2017,26,6,2,26,2017,128
2017-06-28,2017,26,6,3,26,2017,121
2017-06-29,2017,26,6,4,26,2017,154
2017-06-30,2017,26,6,5,26,2017,153
2017-07-01,2017,26,7,6,26,2017,97
2017-07-02,2017,26,7,7,26,2017,50
2017-07-03,2017,27,7,1,27,2017,119
2017-07-04,2017,27,7,2,27,2017,131
2017-07-05,2017,27,7,3,27,2017,98
2017-07-06,2017,27,7,4,27,2017,114
2017-07-07,2017,27,7,5,27,2017,100
2017-07-08,2017,27,7,6,27,2017,84
2017-07-09,2017,27,7,7,27,2017,53
2017-07-10,2017,28,7,1,28,2017,174
2017-07-11,2017,28,7,2,28,2017,134
2017-07-12,2017,28,7,3,28,2017,104
2017-07-13,2017,28,7,4,28,2017,107
2017-07-14,2017,28,7,5,28,2017,106
2017-07-15,2017,28,7,6,28,2017,77
2017-07-16,2017,28,7,7,28,2017,92
2017-07-17,2017,29,7,1,29,2017,171
2017-07-18,2017,29,7,2,29,2017,112
2017-07-19,2017,29,7,3,29,2017,119
2017-07-20,2017,29,7,4,29,2017,139
2017-07-21,2017,29,7,5,29,2017,100
2017-07-22,2017,29,7,6,29,2017,58
2017-07-23,2017,29,7,7,29,2017,59
2017-07-24,2017,30,7,1,30,2017,197
2017-07-25,2017,30,7,2,30,2017,140
2017-07-26,2017,30,7,3,30,2017,148
2017-07-27,2017,30,7,4,30,2017,119
2017-07-28,2017,30,7,5,30,2017,148
2017-07-29,2017,30,7,6,30,2017,80
2017-07-30,2017,30,7,7,30,2017,47
2017-07-31,2017,31,7,1,31,2017,229
2017-08-01,2017,31,8,2,31,2017,165
2017-08-02,2017,31,8,3,31,2017,150
2017-08-03,2017,31,8,4,31,2017,139
2017-08-04,2017,31,8,5,31,2017,157
2017-08-05,2017,31,8,6,31,2017,90
2017-08-06,2017,31,8,7,31,2017,64
2017-08-07,2017,32,8,1,32,2017,236
2017-08-08,2017,32,8,2,32,2017,165
2017-08-09,2017,32,8,3,32,2017,160
2017-08-10,2017,32,8,4,32,2017,100
2017-08-11,2017,32,8,5,32,2017,123
2017-08-12,2017,32,8,6,32,2017,92
2017-08-13,2017,32,8,7,32,2017,47
2017-08-14,2017,33,8,1,33,2017,191
2017-08-15,2017,33,8,2,33,2017,127
2017-08-16,2017,33,8,3,33,2017,140
2017-08-17,2017,33,8,4,33,2017,115
2017-08-18,2017,33,8,5,33,2017,117
2017-08-19,2017,33,8,6,33,2017,75
2017-08-20,2017,33,8,7,33,2017,71
2017-08-21,2017,34,8,1,34,2017,212
2017-08-22,2017,34,8,2,34,2017,119
2017-08-23,2017,34,8,3,34,2017,151
2017-08-24,2017,34,8,4,34,2017,150
2017-08-25,2017,34,8,5,34,2017,126
2017-08-26,2017,34,8,6,34,2017,94
2017-08-27,2017,34,8,7,34,2017,74
2017-08-28,2017,35,8,1,35,2017,234
2017-08-29,2017,35,8,2,35,2017,228
2017-08-30,2017,35,8,3,35,2017,164
2017-08-31,2017,35,8,4,35,2017,171
2017-09-01,2017,35,9,5,35,2017,103
2017-09-02,2017,35,9,6,35,2017,95
2017-09-03,2017,35,9,7,35,2017,76
2017-09-04,2017,36,9,1,36,2017,318
2017-09-05,2017,36,9,2,36,2017,213
2017-09-06,2017,36,9,3,36,2017,255
2017-09-07,2017,36,9,4,36,2017,274
2017-09-08,2017,36,9,5,36,2017,253
2017-09-09,2017,36,9,6,36,2017,163
2017-09-10,2017,36,9,7,36,2017,114
2017-09-11,2017,37,9,1,37,2017,453
2017-09-12,2017,37,9,2,37,2017,382
2017-09-13,2017,37,9,3,37,2017,401
2017-09-14,2017,37,9,4,37,2017,281
2017-09-15,2017,37,9,5,37,2017,325
2017-09-16,2017,37,9,6,37,2017,211
2017-09-17,2017,37,9,7,37,2017,92
2017-09-18,2017,38,9,1,38,2017,507
2017-09-19,2017,38,9,2,38,2017,462
2017-09-20,2017,38,9,3,38,2017,451
2017-09-21,2017,38,9,4,38,2017,419
2017-09-22,2017,38,9,5,38,2017,447
2017-09-23,2017,38,9,6,38,2017,174
2017-09-24,2017,38,9,7,38,2017,110
2017-09-25,2017,39,9,1,39,2017,557
2017-09-26,2017,39,9,2,39,2017,406
2017-09-27,2017,39,9,3,39,2017,384
2017-09-28,2017,39,9,4,39,2017,354
2017-09-29,2017,39,9,5,39,2017,373
2017-09-30,2017,39,9,6,39,2017,135
2017-10-01,2017,39,10,7,39,2017,104
2017-10-02,2017,40,10,1,40,2017,469
2017-10-03,2017,40,10,2,40,2017,502
2017-10-04,2017,40,10,3,40,2017,482
2017-10-05,2017,40,10,4,40,2017,478
2017-10-06,2017,40,10,5,40,2017,440
2017-10-07,2017,40,10,6,40,2017,277
2017-10-08,2017,40,10,7,40,2017,180
2017-10-09,2017,41,10,1,41,2017,642
2017-10-10,2017,41,10,2,41,2017,498
2017-10-11,2017,41,10,3,41,2017,443
2017-10-12,2017,41,10,4,41,2017,451
2017-10-13,2017,41,10,5,41,2017,381
2017-10-14,2017,41,10,6,41,2017,141
2017-10-15,2017,41,10,7,41,2017,145
2017-10-16,2017,42,10,1,42,2017,784
2017-10-17,2017,42,10,2,42,2017,543
2017-10-18,2017,42,10,3,42,2017,541
2017-10-19,2017,42,10,4,42,2017,478
2017-10-20,2017,42,10,5,42,2017,521
2017-10-21,2017,42,10,6,42,2017,230
2017-10-22,2017,42,10,7,42,2017,123
2017-10-23,2017,43,10,1,43,2017,910
2017-10-24,2017,43,10,2,43,2017,723
2017-10-25,2017,43,10,3,43,2017,549
2017-10-26,2017,43,10,4,43,2017,492
2017-10-27,2017,43,10,5,43,2017,459
2017-10-28,2017,43,10,6,43,2017,341
2017-10-29,2017,43,10,7,43,2017,263
2017-10-30,2017,44,10,1,44,2017,815
2017-10-31,2017,44,10,2,44,2017,634
2017-11-01,2017,44,11,3,44,2017,531
2017-11-02,2017,44,11,4,44,2017,528
2017-11-03,2017,44,11,5,44,2017,457
2017-11-04,2017,44,11,6,44,2017,357
2017-11-05,2017,44,11,7,44,2017,357
2017-11-06,2017,45,11,1,45,2017,272
2017-11-07,2017,45,11,2,45,2017,866
2017-11-08,2017,45,11,3,45,2017,737
2017-11-09,2017,45,11,4,45,2017,562
2017-11-10,2017,45,11,5,45,2017,500
2017-11-11,2017,45,11,6,45,2017,231
2017-11-12,2017,45,11,7,45,2017,134
2017-11-13,2017,46,11,1,46,2017,883
2017-11-14,2017,46,11,2,46,2017,734
2017-11-15,2017,46,11,3,46,2017,602
2017-11-16,2017,46,11,4,46,2017,534
2017-11-17,2017,46,11,5,46,2017,527
2017-11-18,2017,46,11,6,46,2017,292
2017-11-19,2017,46,11,7,46,2017,148
2017-11-20,2017,47,11,1,47,2017,843
2017-11-21,2017,47,11,2,47,2017,653
2017-11-22,2017,47,11,3,47,2017,650
2017-11-23,2017,47,11,4,47,2017,577
2017-11-24,2017,47,11,5,47,2017,520
2017-11-25,2017,47,11,6,47,2017,227
2017-11-26,2017,47,11,7,47,2017,142
2017-11-27,2017,48,11,1,48,2017,905
2017-11-28,2017,48,11,2,48,2017,750
2017-11-29,2017,48,11,3,48,2017,712
2017-11-30,2017,48,11,4,48,2017,587
2017-12-01,2017,48,12,5,48,2017,524
2017-12-02,2017,48,12,6,48,2017,287
2017-12-03,2017,48,12,7,48,2017,167
2017-12-04,2017,49,12,1,49,2017,952
2017-12-05,2017,49,12,2,49,2017,597
2017-12-06,2017,49,12,3,49,2017,579
2017-12-07,2017,49,12,4,49,2017,692
2017-12-08,2017,49,12,5,49,2017,460
2017-12-09,2017,49,12,6,49,2017,242
2017-12-10,2017,49,12,7,49,2017,183
2017-12-11,2017,50,12,1,50,2017,854
2017-12-12,2017,50,12,2,50,2017,585
2017-12-13,2017,50,12,3,50,2017,550
2017-12-14,2017,50,12,4,50,2017,469
2017-12-15,2017,50,12,5,50,2017,503
2017-12-16,2017,50,12,6,50,2017,204
2017-12-17,2017,50,12,7,50,2017,124
2017-12-18,2017,51,12,1,51,2017,686
2017-12-19,2017,51,12,2,51,2017,547
2017-12-20,2017,51,12,3,51,2017,439
2017-12-21,2017,51,12,4,51,2017,NA
2017-12-22,2017,51,12,5,51,2017,NA
2017-12-23,2017,51,12,6,51,2017,NA
2017-12-24,2017,51,12,7,51,2017,NA
2017-12-25,2017,52,12,1,52,2017,NA
2017-12-26,2017,52,12,2,52,2017,NA
2017-12-27,2017,52,12,3,52,2017,NA
2017-12-28,2017,52,12,4,52,2017,NA
2017-12-29,2017,52,12,5,52,2017,NA
2017-12-30,2017,52,12,6,52,2017,NA
2017-12-31,2017,52,12,7,52,2017,NA
2018-01-01,2018,1,1,1,1,2018,NA
2018-01-02,2018,1,1,2,1,2018,NA
2018-01-03,2018,1,1,3,1,2018,NA
2018-01-04,2018,1,1,4,1,2018,NA
2018-01-05,2018,1,1,5,1,2018,NA
2018-01-06,2018,1,1,6,1,2018,NA
2018-01-07,2018,1,1,7,1,2018,NA
2018-01-08,2018,2,1,1,2,2018,NA
2018-01-09,2018,2,1,2,2,2018,NA
2018-01-10,2018,2,1,3,2,2018,NA
2018-01-11,2018,2,1,4,2,2018,NA
2018-01-12,2018,2,1,5,2,2018,NA
2018-01-13,2018,2,1,6,2,2018,NA
2018-01-14,2018,2,1,7,2,2018,NA
2018-01-15,2018,3,1,1,3,2018,NA
2018-01-16,2018,3,1,2,3,2018,NA
2018-01-17,2018,3,1,3,3,2018,NA
2018-01-18,2018,3,1,4,3,2018,NA
2018-01-19,2018,3,1,5,3,2018,NA
2018-01-20,2018,3,1,6,3,2018,NA
2018-01-21,2018,3,1,7,3,2018,NA
2018-01-22,2018,4,1,1,4,2018,NA
2018-01-23,2018,4,1,2,4,2018,NA
2018-01-24,2018,4,1,3,4,2018,NA
2018-01-25,2018,4,1,4,4,2018,NA
2018-01-26,2018,4,1,5,4,2018,NA
2018-01-27,2018,4,1,6,4,2018,NA
2018-01-28,2018,4,1,7,4,2018,NA
2018-01-29,2018,5,1,1,5,2018,NA
2018-01-30,2018,5,1,2,5,2018,NA
2018-01-31,2018,5,1,3,5,2018,NA
2018-02-01,2018,5,2,4,5,2018,NA
2018-02-02,2018,5,2,5,5,2018,NA
2018-02-03,2018,5,2,6,5,2018,NA
2018-02-04,2018,5,2,7,5,2018,NA
2018-02-05,2018,6,2,1,6,2018,NA
2018-02-06,2018,6,2,2,6,2018,NA
2018-02-07,2018,6,2,3,6,2018,NA
2018-02-08,2018,6,2,4,6,2018,NA
2018-02-09,2018,6,2,5,6,2018,NA
2018-02-10,2018,6,2,6,6,2018,NA
2018-02-11,2018,6,2,7,6,2018,NA
2018-02-12,2018,7,2,1,7,2018,NA
2018-02-13,2018,7,2,2,7,2018,NA
2018-02-14,2018,7,2,3,7,2018,NA
2018-02-15,2018,7,2,4,7,2018,NA
2018-02-16,2018,7,2,5,7,2018,NA
2018-02-17,2018,7,2,6,7,2018,NA
2018-02-18,2018,7,2,7,7,2018,NA
2018-02-19,2018,8,2,1,8,2018,NA
2018-02-20,2018,8,2,2,8,2018,NA
2018-02-21,2018,8,2,3,8,2018,NA
2018-02-22,2018,8,2,4,8,2018,NA
2018-02-23,2018,8,2,5,8,2018,NA
2018-02-24,2018,8,2,6,8,2018,NA
2018-02-25,2018,8,2,7,8,2018,NA
2018-02-26,2018,9,2,1,9,2018,NA
2018-02-27,2018,9,2,2,9,2018,NA
2018-02-28,2018,9,2,3,9,2018,NA
2018-03-01,2018,9,3,4,9,2018,NA
2018-03-02,2018,9,3,5,9,2018,NA
2018-03-03,2018,9,3,6,9,2018,NA
2018-03-04,2018,9,3,7,9,2018,NA
2018-03-05,2018,10,3,1,10,2018,NA
2018-03-06,2018,10,3,2,10,2018,NA
2018-03-07,2018,10,3,3,10,2018,NA
2018-03-08,2018,10,3,4,10,2018,NA
2018-03-09,2018,10,3,5,10,2018,NA
2018-03-10,2018,10,3,6,10,2018,NA
2018-03-11,2018,10,3,7,10,2018,NA
2018-03-12,2018,11,3,1,11,2018,NA
2018-03-13,2018,11,3,2,11,2018,NA
2018-03-14,2018,11,3,3,11,2018,NA
2018-03-15,2018,11,3,4,11,2018,NA
2018-03-16,2018,11,3,5,11,2018,NA
2018-03-17,2018,11,3,6,11,2018,NA
2018-03-18,2018,11,3,7,11,2018,NA
2018-03-19,2018,12,3,1,12,2018,NA
2018-03-20,2018,12,3,2,12,2018,NA
2018-03-21,2018,12,3,3,12,2018,NA
2018-03-22,2018,12,3,4,12,2018,NA
2018-03-23,2018,12,3,5,12,2018,NA
2018-03-24,2018,12,3,6,12,2018,NA
2018-03-25,2018,12,3,7,12,2018,NA
2018-03-26,2018,13,3,1,13,2018,NA
2018-03-27,2018,13,3,2,13,2018,NA
2018-03-28,2018,13,3,3,13,2018,NA
2018-03-29,2018,13,3,4,13,2018,NA
2018-03-30,2018,13,3,5,13,2018,NA
2018-03-31,2018,13,3,6,13,2018,NA
2018-04-01,2018,13,4,7,13,2018,NA
