LT,Case No_count
2007-01-01,42.14285714
2007-01-02,42.14285714
2007-01-03,42.14285714
2007-01-04,42.14285714
2007-01-05,42.14285714
2007-01-06,42.14285714
2007-01-07,42.14285714
2007-01-08,114.4285714
2007-01-09,114.4285714
2007-01-10,114.4285714
2007-01-11,114.4285714
2007-01-12,114.4285714
2007-01-13,114.4285714
2007-01-14,114.4285714
2007-01-15,143.8571429
2007-01-16,143.8571429
2007-01-17,143.8571429
2007-01-18,143.8571429
2007-01-19,143.8571429
2007-01-20,143.8571429
2007-01-21,143.8571429
2007-01-22,258.1428571
2007-01-23,258.1428571
2007-01-24,258.1428571
2007-01-25,258.1428571
2007-01-26,258.1428571
2007-01-27,258.1428571
2007-01-28,258.1428571
2007-01-29,389.1428571
2007-01-30,389.1428571
2007-01-31,389.1428571
2007-02-01,389.1428571
2007-02-02,389.1428571
2007-02-03,389.1428571
2007-02-04,389.1428571
2007-02-05,446.7142857
2007-02-06,446.7142857
2007-02-07,446.7142857
2007-02-08,446.7142857
2007-02-09,446.7142857
2007-02-10,446.7142857
2007-02-11,446.7142857
2007-02-12,346.1428571
2007-02-13,346.1428571
2007-02-14,346.1428571
2007-02-15,346.1428571
2007-02-16,346.1428571
2007-02-17,346.1428571
2007-02-18,346.1428571
2007-02-19,198.2857143
2007-02-20,198.2857143
2007-02-21,198.2857143
2007-02-22,198.2857143
2007-02-23,198.2857143
2007-02-24,198.2857143
2007-02-25,198.2857143
2007-02-26,161.5714286
2007-02-27,161.5714286
2007-02-28,161.5714286
2007-03-01,161.5714286
2007-03-02,161.5714286
2007-03-03,161.5714286
2007-03-04,161.5714286
2007-03-05,116.1428571
2007-03-06,116.1428571
2007-03-07,116.1428571
2007-03-08,116.1428571
2007-03-09,116.1428571
2007-03-10,116.1428571
2007-03-11,116.1428571
2007-03-12,144.1428571
2007-03-13,144.1428571
2007-03-14,144.1428571
2007-03-15,144.1428571
2007-03-16,144.1428571
2007-03-17,144.1428571
2007-03-18,144.1428571
2007-03-19,157.4285714
2007-03-20,157.4285714
2007-03-21,157.4285714
2007-03-22,157.4285714
2007-03-23,157.4285714
2007-03-24,157.4285714
2007-03-25,157.4285714
2007-03-26,135.1428571
2007-03-27,135.1428571
2007-03-28,135.1428571
2007-03-29,135.1428571
2007-03-30,135.1428571
2007-03-31,135.1428571
2007-04-01,135.1428571
2007-04-02,192.7142857
2007-04-03,192.7142857
2007-04-04,192.7142857
2007-04-05,192.7142857
2007-04-06,192.7142857
2007-04-07,192.7142857
2007-04-08,192.7142857
2007-04-09,189.5714286
2007-04-10,189.5714286
2007-04-11,189.5714286
2007-04-12,189.5714286
2007-04-13,189.5714286
2007-04-14,189.5714286
2007-04-15,189.5714286
2007-04-16,168.2857143
2007-04-17,168.2857143
2007-04-18,168.2857143
2007-04-19,168.2857143
2007-04-20,168.2857143
2007-04-21,168.2857143
2007-04-22,168.2857143
2007-04-23,157.8571429
2007-04-24,157.8571429
2007-04-25,157.8571429
2007-04-26,157.8571429
2007-04-27,157.8571429
2007-04-28,157.8571429
2007-04-29,157.8571429
2007-04-30,97.14285714
2007-05-01,97.14285714
2007-05-02,97.14285714
2007-05-03,97.14285714
2007-05-04,97.14285714
2007-05-05,97.14285714
2007-05-06,97.14285714
2007-05-07,90.28571429
2007-05-08,90.28571429
2007-05-09,90.28571429
2007-05-10,90.28571429
2007-05-11,90.28571429
2007-05-12,90.28571429
2007-05-13,90.28571429
2007-05-14,102.8571429
2007-05-15,102.8571429
2007-05-16,102.8571429
2007-05-17,102.8571429
2007-05-18,102.8571429
2007-05-19,102.8571429
2007-05-20,102.8571429
2007-05-21,103.7142857
2007-05-22,103.7142857
2007-05-23,103.7142857
2007-05-24,103.7142857
2007-05-25,103.7142857
2007-05-26,103.7142857
2007-05-27,103.7142857
2007-05-28,75.42857143
2007-05-29,75.42857143
2007-05-30,75.42857143
2007-05-31,75.42857143
2007-06-01,75.42857143
2007-06-02,75.42857143
2007-06-03,75.42857143
2007-06-04,76.14285714
2007-06-05,76.14285714
2007-06-06,76.14285714
2007-06-07,76.14285714
2007-06-08,76.14285714
2007-06-09,76.14285714
2007-06-10,76.14285714
2007-06-11,47.85714286
2007-06-12,47.85714286
2007-06-13,47.85714286
2007-06-14,47.85714286
2007-06-15,47.85714286
2007-06-16,47.85714286
2007-06-17,47.85714286
2007-06-18,53.14285714
2007-06-19,53.14285714
2007-06-20,53.14285714
2007-06-21,53.14285714
2007-06-22,53.14285714
2007-06-23,53.14285714
2007-06-24,53.14285714
2007-06-25,51.85714286
2007-06-26,51.85714286
2007-06-27,51.85714286
2007-06-28,51.85714286
2007-06-29,51.85714286
2007-06-30,51.85714286
2007-07-01,51.85714286
2007-07-02,54.42857143
2007-07-03,54.42857143
2007-07-04,54.42857143
2007-07-05,54.42857143
2007-07-06,54.42857143
2007-07-07,54.42857143
2007-07-08,54.42857143
2007-07-09,59.57142857
2007-07-10,59.57142857
2007-07-11,59.57142857
2007-07-12,59.57142857
2007-07-13,59.57142857
2007-07-14,59.57142857
2007-07-15,59.57142857
2007-07-16,72.57142857
2007-07-17,72.57142857
2007-07-18,72.57142857
2007-07-19,72.57142857
2007-07-20,72.57142857
2007-07-21,72.57142857
2007-07-22,72.57142857
2007-07-23,52
2007-07-24,52
2007-07-25,52
2007-07-26,52
2007-07-27,52
2007-07-28,52
2007-07-29,52
2007-07-30,61.14285714
2007-07-31,61.14285714
2007-08-01,61.14285714
2007-08-02,61.14285714
2007-08-03,61.14285714
2007-08-04,61.14285714
2007-08-05,61.14285714
2007-08-06,59.57142857
2007-08-07,59.57142857
2007-08-08,59.57142857
2007-08-09,59.57142857
2007-08-10,59.57142857
2007-08-11,59.57142857
2007-08-12,59.57142857
2007-08-13,64.42857143
2007-08-14,64.42857143
2007-08-15,64.42857143
2007-08-16,64.42857143
2007-08-17,64.42857143
2007-08-18,64.42857143
2007-08-19,64.42857143
2007-08-20,63.42857143
2007-08-21,63.42857143
2007-08-22,63.42857143
2007-08-23,63.42857143
2007-08-24,63.42857143
2007-08-25,63.42857143
2007-08-26,63.42857143
2007-08-27,67
2007-08-28,67
2007-08-29,67
2007-08-30,67
2007-08-31,67
2007-09-01,67
2007-09-02,67
2007-09-03,109.5714286
2007-09-04,109.5714286
2007-09-05,109.5714286
2007-09-06,109.5714286
2007-09-07,109.5714286
2007-09-08,109.5714286
2007-09-09,109.5714286
2007-09-10,191.7142857
2007-09-11,191.7142857
2007-09-12,191.7142857
2007-09-13,191.7142857
2007-09-14,191.7142857
2007-09-15,191.7142857
2007-09-16,191.7142857
2007-09-17,223.2857143
2007-09-18,223.2857143
2007-09-19,223.2857143
2007-09-20,223.2857143
2007-09-21,223.2857143
2007-09-22,223.2857143
2007-09-23,223.2857143
2007-09-24,210.8571429
2007-09-25,210.8571429
2007-09-26,210.8571429
2007-09-27,210.8571429
2007-09-28,210.8571429
2007-09-29,210.8571429
2007-09-30,210.8571429
2007-10-01,197
2007-10-02,197
2007-10-03,197
2007-10-04,197
2007-10-05,197
2007-10-06,197
2007-10-07,197
2007-10-08,175.5714286
2007-10-09,175.5714286
2007-10-10,175.5714286
2007-10-11,175.5714286
2007-10-12,175.5714286
2007-10-13,175.5714286
2007-10-14,175.5714286
2007-10-15,185
2007-10-16,185
2007-10-17,185
2007-10-18,185
2007-10-19,185
2007-10-20,185
2007-10-21,185
2007-10-22,148.4285714
2007-10-23,148.4285714
2007-10-24,148.4285714
2007-10-25,148.4285714
2007-10-26,148.4285714
2007-10-27,148.4285714
2007-10-28,148.4285714
2007-10-29,126.1428571
2007-10-30,126.1428571
2007-10-31,126.1428571
2007-11-01,126.1428571
2007-11-02,126.1428571
2007-11-03,126.1428571
2007-11-04,126.1428571
2007-11-05,103
2007-11-06,103
2007-11-07,103
2007-11-08,103
2007-11-09,103
2007-11-10,103
2007-11-11,103
2007-11-12,135.4285714
2007-11-13,135.4285714
2007-11-14,135.4285714
2007-11-15,135.4285714
2007-11-16,135.4285714
2007-11-17,135.4285714
2007-11-18,135.4285714
2007-11-19,165.7142857
2007-11-20,165.7142857
2007-11-21,165.7142857
2007-11-22,165.7142857
2007-11-23,165.7142857
2007-11-24,165.7142857
2007-11-25,165.7142857
2007-11-26,159.4285714
2007-11-27,159.4285714
2007-11-28,159.4285714
2007-11-29,159.4285714
2007-11-30,159.4285714
2007-12-01,159.4285714
2007-12-02,159.4285714
2007-12-03,195.8571429
2007-12-04,195.8571429
2007-12-05,195.8571429
2007-12-06,195.8571429
2007-12-07,195.8571429
2007-12-08,195.8571429
2007-12-09,195.8571429
2007-12-10,195.7142857
2007-12-11,195.7142857
2007-12-12,195.7142857
2007-12-13,195.7142857
2007-12-14,195.7142857
2007-12-15,195.7142857
2007-12-16,195.7142857
2007-12-17,186.8571429
2007-12-18,186.8571429
2007-12-19,186.8571429
2007-12-20,186.8571429
2007-12-21,186.8571429
2007-12-22,186.8571429
2007-12-23,186.8571429
2007-12-24,110.1428571
2007-12-25,110.1428571
2007-12-26,110.1428571
2007-12-27,110.1428571
2007-12-28,110.1428571
2007-12-29,110.1428571
2007-12-30,110.1428571
2007-12-31,55.14285714
2008-01-01,55.14285714
2008-01-02,55.14285714
2008-01-03,55.14285714
2008-01-04,55.14285714
2008-01-05,55.14285714
2008-01-06,55.14285714
2008-01-07,131
2008-01-08,131
2008-01-09,131
2008-01-10,131
2008-01-11,131
2008-01-12,131
2008-01-13,131
2008-01-14,199.7142857
2008-01-15,199.7142857
2008-01-16,199.7142857
2008-01-17,199.7142857
2008-01-18,199.7142857
2008-01-19,199.7142857
2008-01-20,199.7142857
2008-01-21,268.1428571
2008-01-22,268.1428571
2008-01-23,268.1428571
2008-01-24,268.1428571
2008-01-25,268.1428571
2008-01-26,268.1428571
2008-01-27,268.1428571
2008-01-28,250.5714286
2008-01-29,250.5714286
2008-01-30,250.5714286
2008-01-31,250.5714286
2008-02-01,250.5714286
2008-02-02,250.5714286
2008-02-03,250.5714286
2008-02-04,353
2008-02-05,353
2008-02-06,353
2008-02-07,353
2008-02-08,353
2008-02-09,353
2008-02-10,353
2008-02-11,272.5714286
2008-02-12,272.5714286
2008-02-13,272.5714286
2008-02-14,272.5714286
2008-02-15,272.5714286
2008-02-16,272.5714286
2008-02-17,272.5714286
2008-02-18,252
2008-02-19,252
2008-02-20,252
2008-02-21,252
2008-02-22,252
2008-02-23,252
2008-02-24,252
2008-02-25,223.8571429
2008-02-26,223.8571429
2008-02-27,223.8571429
2008-02-28,223.8571429
2008-02-29,223.8571429
2008-03-01,223.8571429
2008-03-02,223.8571429
2008-03-03,223.4285714
2008-03-04,223.4285714
2008-03-05,223.4285714
2008-03-06,223.4285714
2008-03-07,223.4285714
2008-03-08,223.4285714
2008-03-09,223.4285714
2008-03-10,160.2857143
2008-03-11,160.2857143
2008-03-12,160.2857143
2008-03-13,160.2857143
2008-03-14,160.2857143
2008-03-15,160.2857143
2008-03-16,160.2857143
2008-03-17,189
2008-03-18,189
2008-03-19,189
2008-03-20,189
2008-03-21,189
2008-03-22,189
2008-03-23,189
2008-03-24,175
2008-03-25,175
2008-03-26,175
2008-03-27,175
2008-03-28,175
2008-03-29,175
2008-03-30,175
2008-03-31,162.7142857
2008-04-01,162.7142857
2008-04-02,162.7142857
2008-04-03,162.7142857
2008-04-04,162.7142857
2008-04-05,162.7142857
2008-04-06,162.7142857
2008-04-07,163.8571429
2008-04-08,163.8571429
2008-04-09,163.8571429
2008-04-10,163.8571429
2008-04-11,163.8571429
2008-04-12,163.8571429
2008-04-13,163.8571429
2008-04-14,153.7142857
2008-04-15,153.7142857
2008-04-16,153.7142857
2008-04-17,153.7142857
2008-04-18,153.7142857
2008-04-19,153.7142857
2008-04-20,153.7142857
2008-04-21,142.7142857
2008-04-22,142.7142857
2008-04-23,142.7142857
2008-04-24,142.7142857
2008-04-25,142.7142857
2008-04-26,142.7142857
2008-04-27,142.7142857
2008-04-28,144.1428571
2008-04-29,144.1428571
2008-04-30,144.1428571
2008-05-01,144.1428571
2008-05-02,144.1428571
2008-05-03,144.1428571
2008-05-04,144.1428571
2008-05-05,130.1428571
2008-05-06,130.1428571
2008-05-07,130.1428571
2008-05-08,130.1428571
2008-05-09,130.1428571
2008-05-10,130.1428571
2008-05-11,130.1428571
2008-05-12,108
2008-05-13,108
2008-05-14,108
2008-05-15,108
2008-05-16,108
2008-05-17,108
2008-05-18,108
2008-05-19,128.5714286
2008-05-20,128.5714286
2008-05-21,128.5714286
2008-05-22,128.5714286
2008-05-23,128.5714286
2008-05-24,128.5714286
2008-05-25,128.5714286
2008-05-26,121
2008-05-27,121
2008-05-28,121
2008-05-29,121
2008-05-30,121
2008-05-31,121
2008-06-01,121
2008-06-02,92.57142857
2008-06-03,92.57142857
2008-06-04,92.57142857
2008-06-05,92.57142857
2008-06-06,92.57142857
2008-06-07,92.57142857
2008-06-08,92.57142857
2008-06-09,113.1428571
2008-06-10,113.1428571
2008-06-11,113.1428571
2008-06-12,113.1428571
2008-06-13,113.1428571
2008-06-14,113.1428571
2008-06-15,113.1428571
2008-06-16,81.14285714
2008-06-17,81.14285714
2008-06-18,81.14285714
2008-06-19,81.14285714
2008-06-20,81.14285714
2008-06-21,81.14285714
2008-06-22,81.14285714
2008-06-23,74.42857143
2008-06-24,74.42857143
2008-06-25,74.42857143
2008-06-26,74.42857143
2008-06-27,74.42857143
2008-06-28,74.42857143
2008-06-29,74.42857143
2008-06-30,67.14285714
2008-07-01,67.14285714
2008-07-02,67.14285714
2008-07-03,67.14285714
2008-07-04,67.14285714
2008-07-05,67.14285714
2008-07-06,67.14285714
2008-07-07,58.57142857
2008-07-08,58.57142857
2008-07-09,58.57142857
2008-07-10,58.57142857
2008-07-11,58.57142857
2008-07-12,58.57142857
2008-07-13,58.57142857
2008-07-14,57.14285714
2008-07-15,57.14285714
2008-07-16,57.14285714
2008-07-17,57.14285714
2008-07-18,57.14285714
2008-07-19,57.14285714
2008-07-20,57.14285714
2008-07-21,77.42857143
2008-07-22,77.42857143
2008-07-23,77.42857143
2008-07-24,77.42857143
2008-07-25,77.42857143
2008-07-26,77.42857143
2008-07-27,77.42857143
2008-07-28,87.71428571
2008-07-29,87.71428571
2008-07-30,87.71428571
2008-07-31,87.71428571
2008-08-01,87.71428571
2008-08-02,87.71428571
2008-08-03,87.71428571
2008-08-04,81.14285714
2008-08-05,81.14285714
2008-08-06,81.14285714
2008-08-07,81.14285714
2008-08-08,81.14285714
2008-08-09,81.14285714
2008-08-10,81.14285714
2008-08-11,77.14285714
2008-08-12,77.14285714
2008-08-13,77.14285714
2008-08-14,77.14285714
2008-08-15,77.14285714
2008-08-16,77.14285714
2008-08-17,77.14285714
2008-08-18,90.71428571
2008-08-19,90.71428571
2008-08-20,90.71428571
2008-08-21,90.71428571
2008-08-22,90.71428571
2008-08-23,90.71428571
2008-08-24,90.71428571
2008-08-25,83.71428571
2008-08-26,83.71428571
2008-08-27,83.71428571
2008-08-28,83.71428571
2008-08-29,83.71428571
2008-08-30,83.71428571
2008-08-31,83.71428571
2008-09-01,86.14285714
2008-09-02,86.14285714
2008-09-03,86.14285714
2008-09-04,86.14285714
2008-09-05,86.14285714
2008-09-06,86.14285714
2008-09-07,86.14285714
2008-09-08,134.8571429
2008-09-09,134.8571429
2008-09-10,134.8571429
2008-09-11,134.8571429
2008-09-12,134.8571429
2008-09-13,134.8571429
2008-09-14,134.8571429
2008-09-15,181.1428571
2008-09-16,181.1428571
2008-09-17,181.1428571
2008-09-18,181.1428571
2008-09-19,181.1428571
2008-09-20,181.1428571
2008-09-21,181.1428571
2008-09-22,232.2857143
2008-09-23,232.2857143
2008-09-24,232.2857143
2008-09-25,232.2857143
2008-09-26,232.2857143
2008-09-27,232.2857143
2008-09-28,232.2857143
2008-09-29,223.8571429
2008-09-30,223.8571429
2008-10-01,223.8571429
2008-10-02,223.8571429
2008-10-03,223.8571429
2008-10-04,223.8571429
2008-10-05,223.8571429
2008-10-06,214.8571429
2008-10-07,214.8571429
2008-10-08,214.8571429
2008-10-09,214.8571429
2008-10-10,214.8571429
2008-10-11,214.8571429
2008-10-12,214.8571429
2008-10-13,192.4285714
2008-10-14,192.4285714
2008-10-15,192.4285714
2008-10-16,192.4285714
2008-10-17,192.4285714
2008-10-18,192.4285714
2008-10-19,192.4285714
2008-10-20,169.7142857
2008-10-21,169.7142857
2008-10-22,169.7142857
2008-10-23,169.7142857
2008-10-24,169.7142857
2008-10-25,169.7142857
2008-10-26,169.7142857
2008-10-27,156.7142857
2008-10-28,156.7142857
2008-10-29,156.7142857
2008-10-30,156.7142857
2008-10-31,156.7142857
2008-11-01,156.7142857
2008-11-02,156.7142857
2008-11-03,108.4285714
2008-11-04,108.4285714
2008-11-05,108.4285714
2008-11-06,108.4285714
2008-11-07,108.4285714
2008-11-08,108.4285714
2008-11-09,108.4285714
2008-11-10,130
2008-11-11,130
2008-11-12,130
2008-11-13,130
2008-11-14,130
2008-11-15,130
2008-11-16,130
2008-11-17,162.2857143
2008-11-18,162.2857143
2008-11-19,162.2857143
2008-11-20,162.2857143
2008-11-21,162.2857143
2008-11-22,162.2857143
2008-11-23,162.2857143
2008-11-24,172.1428571
2008-11-25,172.1428571
2008-11-26,172.1428571
2008-11-27,172.1428571
2008-11-28,172.1428571
2008-11-29,172.1428571
2008-11-30,172.1428571
2008-12-01,175.5714286
2008-12-02,175.5714286
2008-12-03,175.5714286
2008-12-04,175.5714286
2008-12-05,175.5714286
2008-12-06,175.5714286
2008-12-07,175.5714286
2008-12-08,195.1428571
2008-12-09,195.1428571
2008-12-10,195.1428571
2008-12-11,195.1428571
2008-12-12,195.1428571
2008-12-13,195.1428571
2008-12-14,195.1428571
2008-12-15,204.7142857
2008-12-16,204.7142857
2008-12-17,204.7142857
2008-12-18,204.7142857
2008-12-19,204.7142857
2008-12-20,204.7142857
2008-12-21,204.7142857
2008-12-22,207.5714286
2008-12-23,207.5714286
2008-12-24,207.5714286
2008-12-25,207.5714286
2008-12-26,207.5714286
2008-12-27,207.5714286
2008-12-28,207.5714286
2008-12-29,171.2857143
2008-12-30,171.2857143
2008-12-31,171.2857143
2009-01-01,171.2857143
2009-01-02,171.2857143
2009-01-03,171.2857143
2009-01-04,171.2857143
2009-01-05,54.28571429
2009-01-06,54.28571429
2009-01-07,54.28571429
2009-01-08,54.28571429
2009-01-09,54.28571429
2009-01-10,54.28571429
2009-01-11,54.28571429
2009-01-12,118
2009-01-13,118
2009-01-14,118
2009-01-15,118
2009-01-16,118
2009-01-17,118
2009-01-18,118
2009-01-19,121.5714286
2009-01-20,121.5714286
2009-01-21,121.5714286
2009-01-22,121.5714286
2009-01-23,121.5714286
2009-01-24,121.5714286
2009-01-25,121.5714286
2009-01-26,148.8571429
2009-01-27,148.8571429
2009-01-28,148.8571429
2009-01-29,148.8571429
2009-01-30,148.8571429
2009-01-31,148.8571429
2009-02-01,148.8571429
2009-02-02,174.8571429
2009-02-03,174.8571429
2009-02-04,174.8571429
2009-02-05,174.8571429
2009-02-06,174.8571429
2009-02-07,174.8571429
2009-02-08,174.8571429
2009-02-09,197.4285714
2009-02-10,197.4285714
2009-02-11,197.4285714
2009-02-12,197.4285714
2009-02-13,197.4285714
2009-02-14,197.4285714
2009-02-15,197.4285714
2009-02-16,205.7142857
2009-02-17,205.7142857
2009-02-18,205.7142857
2009-02-19,205.7142857
2009-02-20,205.7142857
2009-02-21,205.7142857
2009-02-22,205.7142857
2009-02-23,154.4285714
2009-02-24,154.4285714
2009-02-25,154.4285714
2009-02-26,154.4285714
2009-02-27,154.4285714
2009-02-28,154.4285714
2009-03-01,154.4285714
2009-03-02,238.4285714
2009-03-03,238.4285714
2009-03-04,238.4285714
2009-03-05,238.4285714
2009-03-06,238.4285714
2009-03-07,238.4285714
2009-03-08,238.4285714
2009-03-09,185.7142857
2009-03-10,185.7142857
2009-03-11,185.7142857
2009-03-12,185.7142857
2009-03-13,185.7142857
2009-03-14,185.7142857
2009-03-15,185.7142857
2009-03-16,185.7142857
2009-03-17,185.7142857
2009-03-18,185.7142857
2009-03-19,185.7142857
2009-03-20,185.7142857
2009-03-21,185.7142857
2009-03-22,185.7142857
2009-03-23,207.1428571
2009-03-24,207.1428571
2009-03-25,207.1428571
2009-03-26,207.1428571
2009-03-27,207.1428571
2009-03-28,207.1428571
2009-03-29,207.1428571
2009-03-30,174.4285714
2009-03-31,174.4285714
2009-04-01,174.4285714
2009-04-02,174.4285714
2009-04-03,174.4285714
2009-04-04,174.4285714
2009-04-05,174.4285714
2009-04-06,178.5714286
2009-04-07,178.5714286
2009-04-08,178.5714286
2009-04-09,178.5714286
2009-04-10,178.5714286
2009-04-11,178.5714286
2009-04-12,178.5714286
2009-04-13,153.4285714
2009-04-14,153.4285714
2009-04-15,153.4285714
2009-04-16,153.4285714
2009-04-17,153.4285714
2009-04-18,153.4285714
2009-04-19,153.4285714
2009-04-20,167.5714286
2009-04-21,167.5714286
2009-04-22,167.5714286
2009-04-23,167.5714286
2009-04-24,167.5714286
2009-04-25,167.5714286
2009-04-26,167.5714286
2009-04-27,161.4285714
2009-04-28,161.4285714
2009-04-29,161.4285714
2009-04-30,161.4285714
2009-05-01,161.4285714
2009-05-02,161.4285714
2009-05-03,161.4285714
2009-05-04,106.7142857
2009-05-05,106.7142857
2009-05-06,106.7142857
2009-05-07,106.7142857
2009-05-08,106.7142857
2009-05-09,106.7142857
2009-05-10,106.7142857
2009-05-11,99.85714286
2009-05-12,99.85714286
2009-05-13,99.85714286
2009-05-14,99.85714286
2009-05-15,99.85714286
2009-05-16,99.85714286
2009-05-17,99.85714286
2009-05-18,127.5714286
2009-05-19,127.5714286
2009-05-20,127.5714286
2009-05-21,127.5714286
2009-05-22,127.5714286
2009-05-23,127.5714286
2009-05-24,127.5714286
2009-05-25,120.4285714
2009-05-26,120.4285714
2009-05-27,120.4285714
2009-05-28,120.4285714
2009-05-29,120.4285714
2009-05-30,120.4285714
2009-05-31,120.4285714
2009-06-01,113.7142857
2009-06-02,113.7142857
2009-06-03,113.7142857
2009-06-04,113.7142857
2009-06-05,113.7142857
2009-06-06,113.7142857
2009-06-07,113.7142857
2009-06-08,97.57142857
2009-06-09,97.57142857
2009-06-10,97.57142857
2009-06-11,97.57142857
2009-06-12,97.57142857
2009-06-13,97.57142857
2009-06-14,97.57142857
2009-06-15,56.57142857
2009-06-16,56.57142857
2009-06-17,56.57142857
2009-06-18,56.57142857
2009-06-19,56.57142857
2009-06-20,56.57142857
2009-06-21,56.57142857
2009-06-22,61.14285714
2009-06-23,61.14285714
2009-06-24,61.14285714
2009-06-25,61.14285714
2009-06-26,61.14285714
2009-06-27,61.14285714
2009-06-28,61.14285714
2009-06-29,63.14285714
2009-06-30,63.14285714
2009-07-01,63.14285714
2009-07-02,63.14285714
2009-07-03,63.14285714
2009-07-04,63.14285714
2009-07-05,63.14285714
2009-07-06,74.42857143
2009-07-07,74.42857143
2009-07-08,74.42857143
2009-07-09,74.42857143
2009-07-10,74.42857143
2009-07-11,74.42857143
2009-07-12,74.42857143
2009-07-13,64.71428571
2009-07-14,64.71428571
2009-07-15,64.71428571
2009-07-16,64.71428571
2009-07-17,64.71428571
2009-07-18,64.71428571
2009-07-19,64.71428571
2009-07-20,61.14285714
2009-07-21,61.14285714
2009-07-22,61.14285714
2009-07-23,61.14285714
2009-07-24,61.14285714
2009-07-25,61.14285714
2009-07-26,61.14285714
2009-07-27,70.71428571
2009-07-28,70.71428571
2009-07-29,70.71428571
2009-07-30,70.71428571
2009-07-31,70.71428571
2009-08-01,70.71428571
2009-08-02,70.71428571
2009-08-03,72
2009-08-04,72
2009-08-05,72
2009-08-06,72
2009-08-07,72
2009-08-08,72
2009-08-09,72
2009-08-10,75.85714286
2009-08-11,75.85714286
2009-08-12,75.85714286
2009-08-13,75.85714286
2009-08-14,75.85714286
2009-08-15,75.85714286
2009-08-16,75.85714286
2009-08-17,77.57142857
2009-08-18,77.57142857
2009-08-19,77.57142857
2009-08-20,77.57142857
2009-08-21,77.57142857
2009-08-22,77.57142857
2009-08-23,77.57142857
2009-08-24,72
2009-08-25,72
2009-08-26,72
2009-08-27,72
2009-08-28,72
2009-08-29,72
2009-08-30,72
2009-08-31,95.14285714
2009-09-01,95.14285714
2009-09-02,95.14285714
2009-09-03,95.14285714
2009-09-04,95.14285714
2009-09-05,95.14285714
2009-09-06,95.14285714
2009-09-07,115.4285714
2009-09-08,115.4285714
2009-09-09,115.4285714
2009-09-10,115.4285714
2009-09-11,115.4285714
2009-09-12,115.4285714
2009-09-13,115.4285714
2009-09-14,210
2009-09-15,210
2009-09-16,210
2009-09-17,210
2009-09-18,210
2009-09-19,210
2009-09-20,210
2009-09-21,259.1428571
2009-09-22,259.1428571
2009-09-23,259.1428571
2009-09-24,259.1428571
2009-09-25,259.1428571
2009-09-26,259.1428571
2009-09-27,259.1428571
2009-09-28,245.2857143
2009-09-29,245.2857143
2009-09-30,245.2857143
2009-10-01,245.2857143
2009-10-02,245.2857143
2009-10-03,245.2857143
2009-10-04,245.2857143
2009-10-05,227.1428571
2009-10-06,227.1428571
2009-10-07,227.1428571
2009-10-08,227.1428571
2009-10-09,227.1428571
2009-10-10,227.1428571
2009-10-11,227.1428571
2009-10-12,224.7142857
2009-10-13,224.7142857
2009-10-14,224.7142857
2009-10-15,224.7142857
2009-10-16,224.7142857
2009-10-17,224.7142857
2009-10-18,224.7142857
2009-10-19,254
2009-10-20,254
2009-10-21,254
2009-10-22,254
2009-10-23,254
2009-10-24,254
2009-10-25,254
2009-10-26,966
2009-10-27,966
2009-10-28,966
2009-10-29,966
2009-10-30,966
2009-10-31,966
2009-11-01,966
2009-11-02,1033
2009-11-03,1033
2009-11-04,1033
2009-11-05,1033
2009-11-06,1033
2009-11-07,1033
2009-11-08,1033
2009-11-09,719.2857143
2009-11-10,719.2857143
2009-11-11,719.2857143
2009-11-12,719.2857143
2009-11-13,719.2857143
2009-11-14,719.2857143
2009-11-15,719.2857143
2009-11-16,318.2857143
2009-11-17,318.2857143
2009-11-18,318.2857143
2009-11-19,318.2857143
2009-11-20,318.2857143
2009-11-21,318.2857143
2009-11-22,318.2857143
2009-11-23,221.1428571
2009-11-24,221.1428571
2009-11-25,221.1428571
2009-11-26,221.1428571
2009-11-27,221.1428571
2009-11-28,221.1428571
2009-11-29,221.1428571
2009-11-30,193.5714286
2009-12-01,193.5714286
2009-12-02,193.5714286
2009-12-03,193.5714286
2009-12-04,193.5714286
2009-12-05,193.5714286
2009-12-06,193.5714286
2009-12-07,178.4285714
2009-12-08,178.4285714
2009-12-09,178.4285714
2009-12-10,178.4285714
2009-12-11,178.4285714
2009-12-12,178.4285714
2009-12-13,178.4285714
2009-12-14,187.1428571
2009-12-15,187.1428571
2009-12-16,187.1428571
2009-12-17,187.1428571
2009-12-18,187.1428571
2009-12-19,187.1428571
2009-12-20,187.1428571
2009-12-21,212.8571429
2009-12-22,212.8571429
2009-12-23,212.8571429
2009-12-24,212.8571429
2009-12-25,212.8571429
2009-12-26,212.8571429
2009-12-27,212.8571429
2009-12-28,153.8571429
2009-12-29,153.8571429
2009-12-30,153.8571429
2009-12-31,153.8571429
2010-01-01,153.8571429
2010-01-02,153.8571429
2010-01-03,153.8571429
2010-01-04,145.4285714
2010-01-05,145.4285714
2010-01-06,145.4285714
2010-01-07,145.4285714
2010-01-08,145.4285714
2010-01-09,145.4285714
2010-01-10,145.4285714
2010-01-11,205.7142857
2010-01-12,205.7142857
2010-01-13,205.7142857
2010-01-14,205.7142857
2010-01-15,205.7142857
2010-01-16,205.7142857
2010-01-17,205.7142857
2010-01-18,137
2010-01-19,137
2010-01-20,137
2010-01-21,137
2010-01-22,137
2010-01-23,137
2010-01-24,137
2010-01-25,172.4285714
2010-01-26,172.4285714
2010-01-27,172.4285714
2010-01-28,172.4285714
2010-01-29,172.4285714
2010-01-30,172.4285714
2010-01-31,172.4285714
2010-02-01,201.7142857
2010-02-02,201.7142857
2010-02-03,201.7142857
2010-02-04,201.7142857
2010-02-05,201.7142857
2010-02-06,201.7142857
2010-02-07,201.7142857
2010-02-08,205.5714286
2010-02-09,205.5714286
2010-02-10,205.5714286
2010-02-11,205.5714286
2010-02-12,205.5714286
2010-02-13,205.5714286
2010-02-14,205.5714286
2010-02-15,211.7142857
2010-02-16,211.7142857
2010-02-17,211.7142857
2010-02-18,211.7142857
2010-02-19,211.7142857
2010-02-20,211.7142857
2010-02-21,211.7142857
2010-02-22,133.7142857
2010-02-23,133.7142857
2010-02-24,133.7142857
2010-02-25,133.7142857
2010-02-26,133.7142857
2010-02-27,133.7142857
2010-02-28,133.7142857
2010-03-01,261.4285714
2010-03-02,261.4285714
2010-03-03,261.4285714
2010-03-04,261.4285714
2010-03-05,261.4285714
2010-03-06,261.4285714
2010-03-07,261.4285714
2010-03-08,214.5714286
2010-03-09,214.5714286
2010-03-10,214.5714286
2010-03-11,214.5714286
2010-03-12,214.5714286
2010-03-13,214.5714286
2010-03-14,214.5714286
2010-03-15,268.4285714
2010-03-16,268.4285714
2010-03-17,268.4285714
2010-03-18,268.4285714
2010-03-19,268.4285714
2010-03-20,268.4285714
2010-03-21,268.4285714
2010-03-22,257.8571429
2010-03-23,257.8571429
2010-03-24,257.8571429
2010-03-25,257.8571429
2010-03-26,257.8571429
2010-03-27,257.8571429
2010-03-28,257.8571429
2010-03-29,280.4285714
2010-03-30,280.4285714
2010-03-31,280.4285714
2010-04-01,280.4285714
2010-04-02,280.4285714
2010-04-03,280.4285714
2010-04-04,280.4285714
2010-04-05,228.8571429
2010-04-06,228.8571429
2010-04-07,228.8571429
2010-04-08,228.8571429
2010-04-09,228.8571429
2010-04-10,228.8571429
2010-04-11,228.8571429
2010-04-12,178.1428571
2010-04-13,178.1428571
2010-04-14,178.1428571
2010-04-15,178.1428571
2010-04-16,178.1428571
2010-04-17,178.1428571
2010-04-18,178.1428571
2010-04-19,174.2857143
2010-04-20,174.2857143
2010-04-21,174.2857143
2010-04-22,174.2857143
2010-04-23,174.2857143
2010-04-24,174.2857143
2010-04-25,174.2857143
2010-04-26,204
2010-04-27,204
2010-04-28,204
2010-04-29,204
2010-04-30,204
2010-05-01,204
2010-05-02,204
2010-05-03,116.8571429
2010-05-04,116.8571429
2010-05-05,116.8571429
2010-05-06,116.8571429
2010-05-07,116.8571429
2010-05-08,116.8571429
2010-05-09,116.8571429
2010-05-10,114.1428571
2010-05-11,114.1428571
2010-05-12,114.1428571
2010-05-13,114.1428571
2010-05-14,114.1428571
2010-05-15,114.1428571
2010-05-16,114.1428571
2010-05-17,139.7142857
2010-05-18,139.7142857
2010-05-19,139.7142857
2010-05-20,139.7142857
2010-05-21,139.7142857
2010-05-22,139.7142857
2010-05-23,139.7142857
2010-05-24,127.2857143
2010-05-25,127.2857143
2010-05-26,127.2857143
2010-05-27,127.2857143
2010-05-28,127.2857143
2010-05-29,127.2857143
2010-05-30,127.2857143
2010-05-31,133.5714286
2010-06-01,133.5714286
2010-06-02,133.5714286
2010-06-03,133.5714286
2010-06-04,133.5714286
2010-06-05,133.5714286
2010-06-06,133.5714286
2010-06-07,109.5714286
2010-06-08,109.5714286
2010-06-09,109.5714286
2010-06-10,109.5714286
2010-06-11,109.5714286
2010-06-12,109.5714286
2010-06-13,109.5714286
2010-06-14,77
2010-06-15,77
2010-06-16,77
2010-06-17,77
2010-06-18,77
2010-06-19,77
2010-06-20,77
2010-06-21,74.42857143
2010-06-22,74.42857143
2010-06-23,74.42857143
2010-06-24,74.42857143
2010-06-25,74.42857143
2010-06-26,74.42857143
2010-06-27,74.42857143
2010-06-28,83.42857143
2010-06-29,83.42857143
2010-06-30,83.42857143
2010-07-01,83.42857143
2010-07-02,83.42857143
2010-07-03,83.42857143
2010-07-04,83.42857143
2010-07-05,100.8571429
2010-07-06,100.8571429
2010-07-07,100.8571429
2010-07-08,100.8571429
2010-07-09,100.8571429
2010-07-10,100.8571429
2010-07-11,100.8571429
2010-07-12,101
2010-07-13,101
2010-07-14,101
2010-07-15,101
2010-07-16,101
2010-07-17,101
2010-07-18,101
2010-07-19,96.14285714
2010-07-20,96.14285714
2010-07-21,96.14285714
2010-07-22,96.14285714
2010-07-23,96.14285714
2010-07-24,96.14285714
2010-07-25,96.14285714
2010-07-26,86.28571429
2010-07-27,86.28571429
2010-07-28,86.28571429
2010-07-29,86.28571429
2010-07-30,86.28571429
2010-07-31,86.28571429
2010-08-01,86.28571429
2010-08-02,77.71428571
2010-08-03,77.71428571
2010-08-04,77.71428571
2010-08-05,77.71428571
2010-08-06,77.71428571
2010-08-07,77.71428571
2010-08-08,77.71428571
2010-08-09,88.42857143
2010-08-10,88.42857143
2010-08-11,88.42857143
2010-08-12,88.42857143
2010-08-13,88.42857143
2010-08-14,88.42857143
2010-08-15,88.42857143
2010-08-16,85.57142857
2010-08-17,85.57142857
2010-08-18,85.57142857
2010-08-19,85.57142857
2010-08-20,85.57142857
2010-08-21,85.57142857
2010-08-22,85.57142857
2010-08-23,95.42857143
2010-08-24,95.42857143
2010-08-25,95.42857143
2010-08-26,95.42857143
2010-08-27,95.42857143
2010-08-28,95.42857143
2010-08-29,95.42857143
2010-08-30,126.7142857
2010-08-31,126.7142857
2010-09-01,126.7142857
2010-09-02,126.7142857
2010-09-03,126.7142857
2010-09-04,126.7142857
2010-09-05,126.7142857
2010-09-06,140.5714286
2010-09-07,140.5714286
2010-09-08,140.5714286
2010-09-09,140.5714286
2010-09-10,140.5714286
2010-09-11,140.5714286
2010-09-12,140.5714286
2010-09-13,220.1428571
2010-09-14,220.1428571
2010-09-15,220.1428571
2010-09-16,220.1428571
2010-09-17,220.1428571
2010-09-18,220.1428571
2010-09-19,220.1428571
2010-09-20,265.7142857
2010-09-21,265.7142857
2010-09-22,265.7142857
2010-09-23,265.7142857
2010-09-24,265.7142857
2010-09-25,265.7142857
2010-09-26,265.7142857
2010-09-27,300.5714286
2010-09-28,300.5714286
2010-09-29,300.5714286
2010-09-30,300.5714286
2010-10-01,300.5714286
2010-10-02,300.5714286
2010-10-03,300.5714286
2010-10-04,250.1428571
2010-10-05,250.1428571
2010-10-06,250.1428571
2010-10-07,250.1428571
2010-10-08,250.1428571
2010-10-09,250.1428571
2010-10-10,250.1428571
2010-10-11,255
2010-10-12,255
2010-10-13,255
2010-10-14,255
2010-10-15,255
2010-10-16,255
2010-10-17,255
2010-10-18,200.2857143
2010-10-19,200.2857143
2010-10-20,200.2857143
2010-10-21,200.2857143
2010-10-22,200.2857143
2010-10-23,200.2857143
2010-10-24,200.2857143
2010-10-25,210.8571429
2010-10-26,210.8571429
2010-10-27,210.8571429
2010-10-28,210.8571429
2010-10-29,210.8571429
2010-10-30,210.8571429
2010-10-31,210.8571429
2010-11-01,168.4285714
2010-11-02,168.4285714
2010-11-03,168.4285714
2010-11-04,168.4285714
2010-11-05,168.4285714
2010-11-06,168.4285714
2010-11-07,168.4285714
2010-11-08,121.5714286
2010-11-09,121.5714286
2010-11-10,121.5714286
2010-11-11,121.5714286
2010-11-12,121.5714286
2010-11-13,121.5714286
2010-11-14,121.5714286
2010-11-15,194.4285714
2010-11-16,194.4285714
2010-11-17,194.4285714
2010-11-18,194.4285714
2010-11-19,194.4285714
2010-11-20,194.4285714
2010-11-21,194.4285714
2010-11-22,200.4285714
2010-11-23,200.4285714
2010-11-24,200.4285714
2010-11-25,200.4285714
2010-11-26,200.4285714
2010-11-27,200.4285714
2010-11-28,200.4285714
2010-11-29,228
2010-11-30,228
2010-12-01,228
2010-12-02,228
2010-12-03,228
2010-12-04,228
2010-12-05,228
2010-12-06,238
2010-12-07,238
2010-12-08,238
2010-12-09,238
2010-12-10,238
2010-12-11,238
2010-12-12,238
2010-12-13,258.8571429
2010-12-14,258.8571429
2010-12-15,258.8571429
2010-12-16,258.8571429
2010-12-17,258.8571429
2010-12-18,258.8571429
2010-12-19,258.8571429
2010-12-20,219.2857143
2010-12-21,219.2857143
2010-12-22,219.2857143
2010-12-23,219.2857143
2010-12-24,219.2857143
2010-12-25,219.2857143
2010-12-26,219.2857143
2010-12-27,167.4285714
2010-12-28,167.4285714
2010-12-29,167.4285714
2010-12-30,167.4285714
2010-12-31,167.4285714
2011-01-01,167.4285714
2011-01-02,167.4285714
2011-01-03,167.4285714
2011-01-04,167.4285714
2011-01-05,167.4285714
2011-01-06,167.4285714
2011-01-07,167.4285714
2011-01-08,167.4285714
2011-01-09,167.4285714
2011-01-10,129
2011-01-11,129
2011-01-12,129
2011-01-13,129
2011-01-14,129
2011-01-15,129
2011-01-16,129
2011-01-17,162.8571429
2011-01-18,162.8571429
2011-01-19,162.8571429
2011-01-20,162.8571429
2011-01-21,162.8571429
2011-01-22,162.8571429
2011-01-23,162.8571429
2011-01-24,167.7142857
2011-01-25,167.7142857
2011-01-26,167.7142857
2011-01-27,167.7142857
2011-01-28,167.7142857
2011-01-29,167.7142857
2011-01-30,167.7142857
2011-01-31,242.7142857
2011-02-01,242.7142857
2011-02-02,242.7142857
2011-02-03,242.7142857
2011-02-04,242.7142857
2011-02-05,242.7142857
2011-02-06,242.7142857
2011-02-07,350.2857143
2011-02-08,350.2857143
2011-02-09,350.2857143
2011-02-10,350.2857143
2011-02-11,350.2857143
2011-02-12,350.2857143
2011-02-13,350.2857143
2011-02-14,387.4285714
2011-02-15,387.4285714
2011-02-16,387.4285714
2011-02-17,387.4285714
2011-02-18,387.4285714
2011-02-19,387.4285714
2011-02-20,387.4285714
2011-02-21,355.8571429
2011-02-22,355.8571429
2011-02-23,355.8571429
2011-02-24,355.8571429
2011-02-25,355.8571429
2011-02-26,355.8571429
2011-02-27,355.8571429
2011-02-28,234.7142857
2011-03-01,234.7142857
2011-03-02,234.7142857
2011-03-03,234.7142857
2011-03-04,234.7142857
2011-03-05,234.7142857
2011-03-06,234.7142857
2011-03-07,255.4285714
2011-03-08,255.4285714
2011-03-09,255.4285714
2011-03-10,255.4285714
2011-03-11,255.4285714
2011-03-12,255.4285714
2011-03-13,255.4285714
2011-03-14,179.4285714
2011-03-15,179.4285714
2011-03-16,179.4285714
2011-03-17,179.4285714
2011-03-18,179.4285714
2011-03-19,179.4285714
2011-03-20,179.4285714
2011-03-21,222.8571429
2011-03-22,222.8571429
2011-03-23,222.8571429
2011-03-24,222.8571429
2011-03-25,222.8571429
2011-03-26,222.8571429
2011-03-27,222.8571429
2011-03-28,195
2011-03-29,195
2011-03-30,195
2011-03-31,195
2011-04-01,195
2011-04-02,195
2011-04-03,195
2011-04-04,162
2011-04-05,162
2011-04-06,162
2011-04-07,162
2011-04-08,162
2011-04-09,162
2011-04-10,162
2011-04-11,160.8571429
2011-04-12,160.8571429
2011-04-13,160.8571429
2011-04-14,160.8571429
2011-04-15,160.8571429
2011-04-16,160.8571429
2011-04-17,160.8571429
2011-04-18,151.4285714
2011-04-19,151.4285714
2011-04-20,151.4285714
2011-04-21,151.4285714
2011-04-22,151.4285714
2011-04-23,151.4285714
2011-04-24,151.4285714
2011-04-25,160.7142857
2011-04-26,160.7142857
2011-04-27,160.7142857
2011-04-28,160.7142857
2011-04-29,160.7142857
2011-04-30,160.7142857
2011-05-01,160.7142857
2011-05-02,166.5714286
2011-05-03,166.5714286
2011-05-04,166.5714286
2011-05-05,166.5714286
2011-05-06,166.5714286
2011-05-07,166.5714286
2011-05-08,166.5714286
2011-05-09,130.1428571
2011-05-10,130.1428571
2011-05-11,130.1428571
2011-05-12,130.1428571
2011-05-13,130.1428571
2011-05-14,130.1428571
2011-05-15,130.1428571
2011-05-16,112.2857143
2011-05-17,112.2857143
2011-05-18,112.2857143
2011-05-19,112.2857143
2011-05-20,112.2857143
2011-05-21,112.2857143
2011-05-22,112.2857143
2011-05-23,121.5714286
2011-05-24,121.5714286
2011-05-25,121.5714286
2011-05-26,121.5714286
2011-05-27,121.5714286
2011-05-28,121.5714286
2011-05-29,121.5714286
2011-05-30,124.2857143
2011-05-31,124.2857143
2011-06-01,124.2857143
2011-06-02,124.2857143
2011-06-03,124.2857143
2011-06-04,124.2857143
2011-06-05,124.2857143
2011-06-06,124.8571429
2011-06-07,124.8571429
2011-06-08,124.8571429
2011-06-09,124.8571429
2011-06-10,124.8571429
2011-06-11,124.8571429
2011-06-12,124.8571429
2011-06-13,99.14285714
2011-06-14,99.14285714
2011-06-15,99.14285714
2011-06-16,99.14285714
2011-06-17,99.14285714
2011-06-18,99.14285714
2011-06-19,99.14285714
2011-06-20,79.14285714
2011-06-21,79.14285714
2011-06-22,79.14285714
2011-06-23,79.14285714
2011-06-24,79.14285714
2011-06-25,79.14285714
2011-06-26,79.14285714
2011-06-27,67
2011-06-28,67
2011-06-29,67
2011-06-30,67
2011-07-01,67
2011-07-02,67
2011-07-03,67
2011-07-04,73.28571429
2011-07-05,73.28571429
2011-07-06,73.28571429
2011-07-07,73.28571429
2011-07-08,73.28571429
2011-07-09,73.28571429
2011-07-10,73.28571429
2011-07-11,66.85714286
2011-07-12,66.85714286
2011-07-13,66.85714286
2011-07-14,66.85714286
2011-07-15,66.85714286
2011-07-16,66.85714286
2011-07-17,66.85714286
2011-07-18,82.42857143
2011-07-19,82.42857143
2011-07-20,82.42857143
2011-07-21,82.42857143
2011-07-22,82.42857143
2011-07-23,82.42857143
2011-07-24,82.42857143
2011-07-25,94.85714286
2011-07-26,94.85714286
2011-07-27,94.85714286
2011-07-28,94.85714286
2011-07-29,94.85714286
2011-07-30,94.85714286
2011-07-31,94.85714286
2011-08-01,88
2011-08-02,88
2011-08-03,88
2011-08-04,88
2011-08-05,88
2011-08-06,88
2011-08-07,88
2011-08-08,92.14285714
2011-08-09,92.14285714
2011-08-10,92.14285714
2011-08-11,92.14285714
2011-08-12,92.14285714
2011-08-13,92.14285714
2011-08-14,92.14285714
2011-08-15,95.85714286
2011-08-16,95.85714286
2011-08-17,95.85714286
2011-08-18,95.85714286
2011-08-19,95.85714286
2011-08-20,95.85714286
2011-08-21,95.85714286
2011-08-22,103.4285714
2011-08-23,103.4285714
2011-08-24,103.4285714
2011-08-25,103.4285714
2011-08-26,103.4285714
2011-08-27,103.4285714
2011-08-28,103.4285714
2011-08-29,117.1428571
2011-08-30,117.1428571
2011-08-31,117.1428571
2011-09-01,117.1428571
2011-09-02,117.1428571
2011-09-03,117.1428571
2011-09-04,117.1428571
2011-09-05,131.5714286
2011-09-06,131.5714286
2011-09-07,131.5714286
2011-09-08,131.5714286
2011-09-09,131.5714286
2011-09-10,131.5714286
2011-09-11,131.5714286
2011-09-12,208.7142857
2011-09-13,208.7142857
2011-09-14,208.7142857
2011-09-15,208.7142857
2011-09-16,208.7142857
2011-09-17,208.7142857
2011-09-18,208.7142857
2011-09-19,292.1428571
2011-09-20,292.1428571
2011-09-21,292.1428571
2011-09-22,292.1428571
2011-09-23,292.1428571
2011-09-24,292.1428571
2011-09-25,292.1428571
2011-09-26,300.5714286
2011-09-27,300.5714286
2011-09-28,300.5714286
2011-09-29,300.5714286
2011-09-30,300.5714286
2011-10-01,300.5714286
2011-10-02,300.5714286
2011-10-03,253.8571429
2011-10-04,253.8571429
2011-10-05,253.8571429
2011-10-06,253.8571429
2011-10-07,253.8571429
2011-10-08,253.8571429
2011-10-09,253.8571429
2011-10-10,206.7142857
2011-10-11,206.7142857
2011-10-12,206.7142857
2011-10-13,206.7142857
2011-10-14,206.7142857
2011-10-15,206.7142857
2011-10-16,206.7142857
2011-10-17,198.2857143
2011-10-18,198.2857143
2011-10-19,198.2857143
2011-10-20,198.2857143
2011-10-21,198.2857143
2011-10-22,198.2857143
2011-10-23,198.2857143
2011-10-24,183
2011-10-25,183
2011-10-26,183
2011-10-27,183
2011-10-28,183
2011-10-29,183
2011-10-30,183
2011-10-31,179.4285714
2011-11-01,179.4285714
2011-11-02,179.4285714
2011-11-03,179.4285714
2011-11-04,179.4285714
2011-11-05,179.4285714
2011-11-06,179.4285714
2011-11-07,155.8571429
2011-11-08,155.8571429
2011-11-09,155.8571429
2011-11-10,155.8571429
2011-11-11,155.8571429
2011-11-12,155.8571429
2011-11-13,155.8571429
2011-11-14,161.5714286
2011-11-15,161.5714286
2011-11-16,161.5714286
2011-11-17,161.5714286
2011-11-18,161.5714286
2011-11-19,161.5714286
2011-11-20,161.5714286
2011-11-21,182.7142857
2011-11-22,182.7142857
2011-11-23,182.7142857
2011-11-24,182.7142857
2011-11-25,182.7142857
2011-11-26,182.7142857
2011-11-27,182.7142857
2011-11-28,236.5714286
2011-11-29,236.5714286
2011-11-30,236.5714286
2011-12-01,236.5714286
2011-12-02,236.5714286
2011-12-03,236.5714286
2011-12-04,236.5714286
2011-12-05,220.4285714
2011-12-06,220.4285714
2011-12-07,220.4285714
2011-12-08,220.4285714
2011-12-09,220.4285714
2011-12-10,220.4285714
2011-12-11,220.4285714
2011-12-12,226.4285714
2011-12-13,226.4285714
2011-12-14,226.4285714
2011-12-15,226.4285714
2011-12-16,226.4285714
2011-12-17,226.4285714
2011-12-18,226.4285714
2011-12-19,241.2857143
2011-12-20,241.2857143
2011-12-21,241.2857143
2011-12-22,241.2857143
2011-12-23,241.2857143
2011-12-24,241.2857143
2011-12-25,241.2857143
2011-12-26,206.8571429
2011-12-27,206.8571429
2011-12-28,206.8571429
2011-12-29,206.8571429
2011-12-30,206.8571429
2011-12-31,206.8571429
2012-01-01,206.8571429
2012-01-02,140.2857143
2012-01-03,140.2857143
2012-01-04,140.2857143
2012-01-05,140.2857143
2012-01-06,140.2857143
2012-01-07,140.2857143
2012-01-08,140.2857143
2012-01-09,189.2857143
2012-01-10,189.2857143
2012-01-11,189.2857143
2012-01-12,189.2857143
2012-01-13,189.2857143
2012-01-14,189.2857143
2012-01-15,189.2857143
2012-01-16,159.4285714
2012-01-17,159.4285714
2012-01-18,159.4285714
2012-01-19,159.4285714
2012-01-20,159.4285714
2012-01-21,159.4285714
2012-01-22,159.4285714
2012-01-23,172.2857143
2012-01-24,172.2857143
2012-01-25,172.2857143
2012-01-26,172.2857143
2012-01-27,172.2857143
2012-01-28,172.2857143
2012-01-29,172.2857143
2012-01-30,207.1428571
2012-01-31,207.1428571
2012-02-01,207.1428571
2012-02-02,207.1428571
2012-02-03,207.1428571
2012-02-04,207.1428571
2012-02-05,207.1428571
2012-02-06,229.2857143
2012-02-07,229.2857143
2012-02-08,229.2857143
2012-02-09,229.2857143
2012-02-10,229.2857143
2012-02-11,229.2857143
2012-02-12,229.2857143
2012-02-13,275
2012-02-14,275
2012-02-15,275
2012-02-16,275
2012-02-17,275
2012-02-18,275
2012-02-19,275
2012-02-20,306.5714286
2012-02-21,306.5714286
2012-02-22,306.5714286
2012-02-23,306.5714286
2012-02-24,306.5714286
2012-02-25,306.5714286
2012-02-26,306.5714286
2012-02-27,294.7142857
2012-02-28,294.7142857
2012-02-29,294.7142857
2012-03-01,294.7142857
2012-03-02,294.7142857
2012-03-03,294.7142857
2012-03-04,294.7142857
2012-03-05,393.8571429
2012-03-06,393.8571429
2012-03-07,393.8571429
2012-03-08,393.8571429
2012-03-09,393.8571429
2012-03-10,393.8571429
2012-03-11,393.8571429
2012-03-12,358.5714286
2012-03-13,358.5714286
2012-03-14,358.5714286
2012-03-15,358.5714286
2012-03-16,358.5714286
2012-03-17,358.5714286
2012-03-18,358.5714286
2012-03-19,345.8571429
2012-03-20,345.8571429
2012-03-21,345.8571429
2012-03-22,345.8571429
2012-03-23,345.8571429
2012-03-24,345.8571429
2012-03-25,345.8571429
2012-03-26,312
2012-03-27,312
2012-03-28,312
2012-03-29,312
2012-03-30,312
2012-03-31,312
2012-04-01,312
2012-04-02,265.7142857
2012-04-03,265.7142857
2012-04-04,265.7142857
2012-04-05,265.7142857
2012-04-06,265.7142857
2012-04-07,265.7142857
2012-04-08,265.7142857
2012-04-09,244.1428571
2012-04-10,244.1428571
2012-04-11,244.1428571
2012-04-12,244.1428571
2012-04-13,244.1428571
2012-04-14,244.1428571
2012-04-15,244.1428571
2012-04-16,243
2012-04-17,243
2012-04-18,243
2012-04-19,243
2012-04-20,243
2012-04-21,243
2012-04-22,243
2012-04-23,212.2857143
2012-04-24,212.2857143
2012-04-25,212.2857143
2012-04-26,212.2857143
2012-04-27,212.2857143
2012-04-28,212.2857143
2012-04-29,212.2857143
2012-04-30,138.7142857
2012-05-01,138.7142857
2012-05-02,138.7142857
2012-05-03,138.7142857
2012-05-04,138.7142857
2012-05-05,138.7142857
2012-05-06,138.7142857
2012-05-07,124.8571429
2012-05-08,124.8571429
2012-05-09,124.8571429
2012-05-10,124.8571429
2012-05-11,124.8571429
2012-05-12,124.8571429
2012-05-13,124.8571429
2012-05-14,132
2012-05-15,132
2012-05-16,132
2012-05-17,132
2012-05-18,132
2012-05-19,132
2012-05-20,132
2012-05-21,143
2012-05-22,143
2012-05-23,143
2012-05-24,143
2012-05-25,143
2012-05-26,143
2012-05-27,143
2012-05-28,129
2012-05-29,129
2012-05-30,129
2012-05-31,129
2012-06-01,129
2012-06-02,129
2012-06-03,129
2012-06-04,138.7142857
2012-06-05,138.7142857
2012-06-06,138.7142857
2012-06-07,138.7142857
2012-06-08,138.7142857
2012-06-09,138.7142857
2012-06-10,138.7142857
2012-06-11,80.28571429
2012-06-12,80.28571429
2012-06-13,80.28571429
2012-06-14,80.28571429
2012-06-15,80.28571429
2012-06-16,80.28571429
2012-06-17,80.28571429
2012-06-18,89.57142857
2012-06-19,89.57142857
2012-06-20,89.57142857
2012-06-21,89.57142857
2012-06-22,89.57142857
2012-06-23,89.57142857
2012-06-24,89.57142857
2012-06-25,86.42857143
2012-06-26,86.42857143
2012-06-27,86.42857143
2012-06-28,86.42857143
2012-06-29,86.42857143
2012-06-30,86.42857143
2012-07-01,86.42857143
2012-07-02,95.57142857
2012-07-03,95.57142857
2012-07-04,95.57142857
2012-07-05,95.57142857
2012-07-06,95.57142857
2012-07-07,95.57142857
2012-07-08,95.57142857
2012-07-09,89.71428571
2012-07-10,89.71428571
2012-07-11,89.71428571
2012-07-12,89.71428571
2012-07-13,89.71428571
2012-07-14,89.71428571
2012-07-15,89.71428571
2012-07-16,101.2857143
2012-07-17,101.2857143
2012-07-18,101.2857143
2012-07-19,101.2857143
2012-07-20,101.2857143
2012-07-21,101.2857143
2012-07-22,101.2857143
2012-07-23,117.1428571
2012-07-24,117.1428571
2012-07-25,117.1428571
2012-07-26,117.1428571
2012-07-27,117.1428571
2012-07-28,117.1428571
2012-07-29,117.1428571
2012-07-30,115.7142857
2012-07-31,115.7142857
2012-08-01,115.7142857
2012-08-02,115.7142857
2012-08-03,115.7142857
2012-08-04,115.7142857
2012-08-05,115.7142857
2012-08-06,108.4285714
2012-08-07,108.4285714
2012-08-08,108.4285714
2012-08-09,108.4285714
2012-08-10,108.4285714
2012-08-11,108.4285714
2012-08-12,108.4285714
2012-08-13,121.5714286
2012-08-14,121.5714286
2012-08-15,121.5714286
2012-08-16,121.5714286
2012-08-17,121.5714286
2012-08-18,121.5714286
2012-08-19,121.5714286
2012-08-20,132.4285714
2012-08-21,132.4285714
2012-08-22,132.4285714
2012-08-23,132.4285714
2012-08-24,132.4285714
2012-08-25,132.4285714
2012-08-26,132.4285714
2012-08-27,126
2012-08-28,126
2012-08-29,126
2012-08-30,126
2012-08-31,126
2012-09-01,126
2012-09-02,126
2012-09-03,133.1428571
2012-09-04,133.1428571
2012-09-05,133.1428571
2012-09-06,133.1428571
2012-09-07,133.1428571
2012-09-08,133.1428571
2012-09-09,133.1428571
2012-09-10,177.8571429
2012-09-11,177.8571429
2012-09-12,177.8571429
2012-09-13,177.8571429
2012-09-14,177.8571429
2012-09-15,177.8571429
2012-09-16,177.8571429
2012-09-17,312.7142857
2012-09-18,312.7142857
2012-09-19,312.7142857
2012-09-20,312.7142857
2012-09-21,312.7142857
2012-09-22,312.7142857
2012-09-23,312.7142857
2012-09-24,307.2857143
2012-09-25,307.2857143
2012-09-26,307.2857143
2012-09-27,307.2857143
2012-09-28,307.2857143
2012-09-29,307.2857143
2012-09-30,307.2857143
2012-10-01,296.2857143
2012-10-02,296.2857143
2012-10-03,296.2857143
2012-10-04,296.2857143
2012-10-05,296.2857143
2012-10-06,296.2857143
2012-10-07,296.2857143
2012-10-08,288.7142857
2012-10-09,288.7142857
2012-10-10,288.7142857
2012-10-11,288.7142857
2012-10-12,288.7142857
2012-10-13,288.7142857
2012-10-14,288.7142857
2012-10-15,249.4285714
2012-10-16,249.4285714
2012-10-17,249.4285714
2012-10-18,249.4285714
2012-10-19,249.4285714
2012-10-20,249.4285714
2012-10-21,249.4285714
2012-10-22,260.2857143
2012-10-23,260.2857143
2012-10-24,260.2857143
2012-10-25,260.2857143
2012-10-26,260.2857143
2012-10-27,260.2857143
2012-10-28,260.2857143
2012-10-29,232.2857143
2012-10-30,232.2857143
2012-10-31,232.2857143
2012-11-01,232.2857143
2012-11-02,232.2857143
2012-11-03,232.2857143
2012-11-04,232.2857143
2012-11-05,148.2857143
2012-11-06,148.2857143
2012-11-07,148.2857143
2012-11-08,148.2857143
2012-11-09,148.2857143
2012-11-10,148.2857143
2012-11-11,148.2857143
2012-11-12,184.5714286
2012-11-13,184.5714286
2012-11-14,184.5714286
2012-11-15,184.5714286
2012-11-16,184.5714286
2012-11-17,184.5714286
2012-11-18,184.5714286
2012-11-19,189.4285714
2012-11-20,189.4285714
2012-11-21,189.4285714
2012-11-22,189.4285714
2012-11-23,189.4285714
2012-11-24,189.4285714
2012-11-25,189.4285714
2012-11-26,192.8571429
2012-11-27,192.8571429
2012-11-28,192.8571429
2012-11-29,192.8571429
2012-11-30,192.8571429
2012-12-01,192.8571429
2012-12-02,192.8571429
2012-12-03,208.7142857
2012-12-04,208.7142857
2012-12-05,208.7142857
2012-12-06,208.7142857
2012-12-07,208.7142857
2012-12-08,208.7142857
2012-12-09,208.7142857
2012-12-10,245.7142857
2012-12-11,245.7142857
2012-12-12,245.7142857
2012-12-13,245.7142857
2012-12-14,245.7142857
2012-12-15,245.7142857
2012-12-16,245.7142857
2012-12-17,218
2012-12-18,218
2012-12-19,218
2012-12-20,218
2012-12-21,218
2012-12-22,218
2012-12-23,218
2012-12-24,202.5714286
2012-12-25,202.5714286
2012-12-26,202.5714286
2012-12-27,202.5714286
2012-12-28,202.5714286
2012-12-29,202.5714286
2012-12-30,202.5714286
2012-12-31,127.4285714
2013-01-01,127.4285714
2013-01-02,127.4285714
2013-01-03,127.4285714
2013-01-04,127.4285714
2013-01-05,127.4285714
2013-01-06,127.4285714
2013-01-07,121.4285714
2013-01-08,121.4285714
2013-01-09,121.4285714
2013-01-10,121.4285714
2013-01-11,121.4285714
2013-01-12,121.4285714
2013-01-13,121.4285714
2013-01-14,139.4285714
2013-01-15,139.4285714
2013-01-16,139.4285714
2013-01-17,139.4285714
2013-01-18,139.4285714
2013-01-19,139.4285714
2013-01-20,139.4285714
2013-01-21,209
2013-01-22,209
2013-01-23,209
2013-01-24,209
2013-01-25,209
2013-01-26,209
2013-01-27,209
2013-01-28,250.2857143
2013-01-29,250.2857143
2013-01-30,250.2857143
2013-01-31,250.2857143
2013-02-01,250.2857143
2013-02-02,250.2857143
2013-02-03,250.2857143
2013-02-04,266.2857143
2013-02-05,266.2857143
2013-02-06,266.2857143
2013-02-07,266.2857143
2013-02-08,266.2857143
2013-02-09,266.2857143
2013-02-10,266.2857143
2013-02-11,313.7142857
2013-02-12,313.7142857
2013-02-13,313.7142857
2013-02-14,313.7142857
2013-02-15,313.7142857
2013-02-16,313.7142857
2013-02-17,313.7142857
2013-02-18,361.8571429
2013-02-19,361.8571429
2013-02-20,361.8571429
2013-02-21,361.8571429
2013-02-22,361.8571429
2013-02-23,361.8571429
2013-02-24,361.8571429
2013-02-25,358.5714286
2013-02-26,358.5714286
2013-02-27,358.5714286
2013-02-28,358.5714286
2013-03-01,358.5714286
2013-03-02,358.5714286
2013-03-03,358.5714286
2013-03-04,335
2013-03-05,335
2013-03-06,335
2013-03-07,335
2013-03-08,335
2013-03-09,335
2013-03-10,335
2013-03-11,210.2857143
2013-03-12,210.2857143
2013-03-13,210.2857143
2013-03-14,210.2857143
2013-03-15,210.2857143
2013-03-16,210.2857143
2013-03-17,210.2857143
2013-03-18,241.4285714
2013-03-19,241.4285714
2013-03-20,241.4285714
2013-03-21,241.4285714
2013-03-22,241.4285714
2013-03-23,241.4285714
2013-03-24,241.4285714
2013-03-25,207.2857143
2013-03-26,207.2857143
2013-03-27,207.2857143
2013-03-28,207.2857143
2013-03-29,207.2857143
2013-03-30,207.2857143
2013-03-31,207.2857143
2013-04-01,160.8571429
2013-04-02,160.8571429
2013-04-03,160.8571429
2013-04-04,160.8571429
2013-04-05,160.8571429
2013-04-06,160.8571429
2013-04-07,160.8571429
2013-04-08,168.1428571
2013-04-09,168.1428571
2013-04-10,168.1428571
2013-04-11,168.1428571
2013-04-12,168.1428571
2013-04-13,168.1428571
2013-04-14,168.1428571
2013-04-15,168.5714286
2013-04-16,168.5714286
2013-04-17,168.5714286
2013-04-18,168.5714286
2013-04-19,168.5714286
2013-04-20,168.5714286
2013-04-21,168.5714286
2013-04-22,167
2013-04-23,167
2013-04-24,167
2013-04-25,167
2013-04-26,167
2013-04-27,167
2013-04-28,167
2013-04-29,107.8571429
2013-04-30,107.8571429
2013-05-01,107.8571429
2013-05-02,107.8571429
2013-05-03,107.8571429
2013-05-04,107.8571429
2013-05-05,107.8571429
2013-05-06,70.71428571
2013-05-07,70.71428571
2013-05-08,70.71428571
2013-05-09,70.71428571
2013-05-10,70.71428571
2013-05-11,70.71428571
2013-05-12,70.71428571
2013-05-13,54.28571429
2013-05-14,54.28571429
2013-05-15,54.28571429
2013-05-16,54.28571429
2013-05-17,54.28571429
2013-05-18,54.28571429
2013-05-19,54.28571429
2013-05-20,107.8571429
2013-05-21,107.8571429
2013-05-22,107.8571429
2013-05-23,107.8571429
2013-05-24,107.8571429
2013-05-25,107.8571429
2013-05-26,107.8571429
2013-05-27,112
2013-05-28,112
2013-05-29,112
2013-05-30,112
2013-05-31,112
2013-06-01,112
2013-06-02,112
2013-06-03,108.5714286
2013-06-04,108.5714286
2013-06-05,108.5714286
2013-06-06,108.5714286
2013-06-07,108.5714286
2013-06-08,108.5714286
2013-06-09,108.5714286
2013-06-10,74.85714286
2013-06-11,74.85714286
2013-06-12,74.85714286
2013-06-13,74.85714286
2013-06-14,74.85714286
2013-06-15,74.85714286
2013-06-16,74.85714286
2013-06-17,83.85714286
2013-06-18,83.85714286
2013-06-19,83.85714286
2013-06-20,83.85714286
2013-06-21,83.85714286
2013-06-22,83.85714286
2013-06-23,83.85714286
2013-06-24,85
2013-06-25,85
2013-06-26,85
2013-06-27,85
2013-06-28,85
2013-06-29,85
2013-06-30,85
2013-07-01,76.28571429
2013-07-02,76.28571429
2013-07-03,76.28571429
2013-07-04,76.28571429
2013-07-05,76.28571429
2013-07-06,76.28571429
2013-07-07,76.28571429
2013-07-08,76.85714286
2013-07-09,76.85714286
2013-07-10,76.85714286
2013-07-11,76.85714286
2013-07-12,76.85714286
2013-07-13,76.85714286
2013-07-14,76.85714286
2013-07-15,67.28571429
2013-07-16,67.28571429
2013-07-17,67.28571429
2013-07-18,67.28571429
2013-07-19,67.28571429
2013-07-20,67.28571429
2013-07-21,67.28571429
2013-07-22,62
2013-07-23,62
2013-07-24,62
2013-07-25,62
2013-07-26,62
2013-07-27,62
2013-07-28,62
2013-07-29,86.14285714
2013-07-30,86.14285714
2013-07-31,86.14285714
2013-08-01,86.14285714
2013-08-02,86.14285714
2013-08-03,86.14285714
2013-08-04,86.14285714
2013-08-05,90
2013-08-06,90
2013-08-07,90
2013-08-08,90
2013-08-09,90
2013-08-10,90
2013-08-11,90
2013-08-12,93.14285714
2013-08-13,93.14285714
2013-08-14,93.14285714
2013-08-15,93.14285714
2013-08-16,93.14285714
2013-08-17,93.14285714
2013-08-18,93.14285714
2013-08-19,107.5714286
2013-08-20,107.5714286
2013-08-21,107.5714286
2013-08-22,107.5714286
2013-08-23,107.5714286
2013-08-24,107.5714286
2013-08-25,107.5714286
2013-08-26,118.8571429
2013-08-27,118.8571429
2013-08-28,118.8571429
2013-08-29,118.8571429
2013-08-30,118.8571429
2013-08-31,118.8571429
2013-09-01,118.8571429
2013-09-02,113
2013-09-03,113
2013-09-04,113
2013-09-05,113
2013-09-06,113
2013-09-07,113
2013-09-08,113
2013-09-09,184.5714286
2013-09-10,184.5714286
2013-09-11,184.5714286
2013-09-12,184.5714286
2013-09-13,184.5714286
2013-09-14,184.5714286
2013-09-15,184.5714286
2013-09-16,260.4285714
2013-09-17,260.4285714
2013-09-18,260.4285714
2013-09-19,260.4285714
2013-09-20,260.4285714
2013-09-21,260.4285714
2013-09-22,260.4285714
2013-09-23,257.7142857
2013-09-24,257.7142857
2013-09-25,257.7142857
2013-09-26,257.7142857
2013-09-27,257.7142857
2013-09-28,257.7142857
2013-09-29,257.7142857
2013-09-30,252
2013-10-01,252
2013-10-02,252
2013-10-03,252
2013-10-04,252
2013-10-05,252
2013-10-06,252
2013-10-07,235.7142857
2013-10-08,235.7142857
2013-10-09,235.7142857
2013-10-10,235.7142857
2013-10-11,235.7142857
2013-10-12,235.7142857
2013-10-13,235.7142857
2013-10-14,192.2857143
2013-10-15,192.2857143
2013-10-16,192.2857143
2013-10-17,192.2857143
2013-10-18,192.2857143
2013-10-19,192.2857143
2013-10-20,192.2857143
2013-10-21,202
2013-10-22,202
2013-10-23,202
2013-10-24,202
2013-10-25,202
2013-10-26,202
2013-10-27,202
2013-10-28,208.4285714
2013-10-29,208.4285714
2013-10-30,208.4285714
2013-10-31,208.4285714
2013-11-01,208.4285714
2013-11-02,208.4285714
2013-11-03,208.4285714
2013-11-04,136.8571429
2013-11-05,136.8571429
2013-11-06,136.8571429
2013-11-07,136.8571429
2013-11-08,136.8571429
2013-11-09,136.8571429
2013-11-10,136.8571429
2013-11-11,191
2013-11-12,191
2013-11-13,191
2013-11-14,191
2013-11-15,191
2013-11-16,191
2013-11-17,191
2013-11-18,185.8571429
2013-11-19,185.8571429
2013-11-20,185.8571429
2013-11-21,185.8571429
2013-11-22,185.8571429
2013-11-23,185.8571429
2013-11-24,185.8571429
2013-11-25,205.8571429
2013-11-26,205.8571429
2013-11-27,205.8571429
2013-11-28,205.8571429
2013-11-29,205.8571429
2013-11-30,205.8571429
2013-12-01,205.8571429
2013-12-02,216.2857143
2013-12-03,216.2857143
2013-12-04,216.2857143
2013-12-05,216.2857143
2013-12-06,216.2857143
2013-12-07,216.2857143
2013-12-08,216.2857143
2013-12-09,216.4285714
2013-12-10,216.4285714
2013-12-11,216.4285714
2013-12-12,216.4285714
2013-12-13,216.4285714
2013-12-14,216.4285714
2013-12-15,216.4285714
2013-12-16,232.2857143
2013-12-17,232.2857143
2013-12-18,232.2857143
2013-12-19,232.2857143
2013-12-20,232.2857143
2013-12-21,232.2857143
2013-12-22,232.2857143
2013-12-23,202.5714286
2013-12-24,202.5714286
2013-12-25,202.5714286
2013-12-26,202.5714286
2013-12-27,202.5714286
2013-12-28,202.5714286
2013-12-29,202.5714286
2013-12-30,174.7142857
2013-12-31,174.7142857
2014-01-01,174.7142857
2014-01-02,174.7142857
2014-01-03,174.7142857
2014-01-04,174.7142857
2014-01-05,174.7142857
2014-01-06,161.7142857
2014-01-07,161.7142857
2014-01-08,161.7142857
2014-01-09,161.7142857
2014-01-10,161.7142857
2014-01-11,161.7142857
2014-01-12,161.7142857
2014-01-13,138.7142857
2014-01-14,138.7142857
2014-01-15,138.7142857
2014-01-16,138.7142857
2014-01-17,138.7142857
2014-01-18,138.7142857
2014-01-19,138.7142857
2014-01-20,165.5714286
2014-01-21,165.5714286
2014-01-22,165.5714286
2014-01-23,165.5714286
2014-01-24,165.5714286
2014-01-25,165.5714286
2014-01-26,165.5714286
2014-01-27,222.4285714
2014-01-28,222.4285714
2014-01-29,222.4285714
2014-01-30,222.4285714
2014-01-31,222.4285714
2014-02-01,222.4285714
2014-02-02,222.4285714
2014-02-03,271.8571429
2014-02-04,271.8571429
2014-02-05,271.8571429
2014-02-06,271.8571429
2014-02-07,271.8571429
2014-02-08,271.8571429
2014-02-09,271.8571429
2014-02-10,328.5714286
2014-02-11,328.5714286
2014-02-12,328.5714286
2014-02-13,328.5714286
2014-02-14,328.5714286
2014-02-15,328.5714286
2014-02-16,328.5714286
2014-02-17,336.2857143
2014-02-18,336.2857143
2014-02-19,336.2857143
2014-02-20,336.2857143
2014-02-21,336.2857143
2014-02-22,336.2857143
2014-02-23,336.2857143
2014-02-24,289.2857143
2014-02-25,289.2857143
2014-02-26,289.2857143
2014-02-27,289.2857143
2014-02-28,289.2857143
2014-03-01,289.2857143
2014-03-02,289.2857143
2014-03-03,262.4285714
2014-03-04,262.4285714
2014-03-05,262.4285714
2014-03-06,262.4285714
2014-03-07,262.4285714
2014-03-08,262.4285714
2014-03-09,262.4285714
2014-03-10,171.1428571
2014-03-11,171.1428571
2014-03-12,171.1428571
2014-03-13,171.1428571
2014-03-14,171.1428571
2014-03-15,171.1428571
2014-03-16,171.1428571
2014-03-17,235.2857143
2014-03-18,235.2857143
2014-03-19,235.2857143
2014-03-20,235.2857143
2014-03-21,235.2857143
2014-03-22,235.2857143
2014-03-23,235.2857143
2014-03-24,201.4285714
2014-03-25,201.4285714
2014-03-26,201.4285714
2014-03-27,201.4285714
2014-03-28,201.4285714
2014-03-29,201.4285714
2014-03-30,201.4285714
2014-03-31,186.5714286
2014-04-01,186.5714286
2014-04-02,186.5714286
2014-04-03,186.5714286
2014-04-04,186.5714286
2014-04-05,186.5714286
2014-04-06,186.5714286
2014-04-07,205.7142857
2014-04-08,205.7142857
2014-04-09,205.7142857
2014-04-10,205.7142857
2014-04-11,205.7142857
2014-04-12,205.7142857
2014-04-13,205.7142857
2014-04-14,193.7142857
2014-04-15,193.7142857
2014-04-16,193.7142857
2014-04-17,193.7142857
2014-04-18,193.7142857
2014-04-19,193.7142857
2014-04-20,193.7142857
2014-04-21,175
2014-04-22,175
2014-04-23,175
2014-04-24,175
2014-04-25,175
2014-04-26,175
2014-04-27,175
2014-04-28,131.4285714
2014-04-29,131.4285714
2014-04-30,131.4285714
2014-05-01,131.4285714
2014-05-02,131.4285714
2014-05-03,131.4285714
2014-05-04,131.4285714
2014-05-05,107.1428571
2014-05-06,107.1428571
2014-05-07,107.1428571
2014-05-08,107.1428571
2014-05-09,107.1428571
2014-05-10,107.1428571
2014-05-11,107.1428571
2014-05-12,124.1428571
2014-05-13,124.1428571
2014-05-14,124.1428571
2014-05-15,124.1428571
2014-05-16,124.1428571
2014-05-17,124.1428571
2014-05-18,124.1428571
2014-05-19,155
2014-05-20,155
2014-05-21,155
2014-05-22,155
2014-05-23,155
2014-05-24,155
2014-05-25,155
2014-05-26,152.7142857
2014-05-27,152.7142857
2014-05-28,152.7142857
2014-05-29,152.7142857
2014-05-30,152.7142857
2014-05-31,152.7142857
2014-06-01,152.7142857
2014-06-02,113.8571429
2014-06-03,113.8571429
2014-06-04,113.8571429
2014-06-05,113.8571429
2014-06-06,113.8571429
2014-06-07,113.8571429
2014-06-08,113.8571429
2014-06-09,127.2857143
2014-06-10,127.2857143
2014-06-11,127.2857143
2014-06-12,127.2857143
2014-06-13,127.2857143
2014-06-14,127.2857143
2014-06-15,127.2857143
2014-06-16,72
2014-06-17,72
2014-06-18,72
2014-06-19,72
2014-06-20,72
2014-06-21,72
2014-06-22,72
2014-06-23,108.5714286
2014-06-24,108.5714286
2014-06-25,108.5714286
2014-06-26,108.5714286
2014-06-27,108.5714286
2014-06-28,108.5714286
2014-06-29,108.5714286
2014-06-30,83
2014-07-01,83
2014-07-02,83
2014-07-03,83
2014-07-04,83
2014-07-05,83
2014-07-06,83
2014-07-07,94.28571429
2014-07-08,94.28571429
2014-07-09,94.28571429
2014-07-10,94.28571429
2014-07-11,94.28571429
2014-07-12,94.28571429
2014-07-13,94.28571429
2014-07-14,74.85714286
2014-07-15,74.85714286
2014-07-16,74.85714286
2014-07-17,74.85714286
2014-07-18,74.85714286
2014-07-19,74.85714286
2014-07-20,74.85714286
2014-07-21,83.28571429
2014-07-22,83.28571429
2014-07-23,83.28571429
2014-07-24,83.28571429
2014-07-25,83.28571429
2014-07-26,83.28571429
2014-07-27,83.28571429
2014-07-28,88
2014-07-29,88
2014-07-30,88
2014-07-31,88
2014-08-01,88
2014-08-02,88
2014-08-03,88
2014-08-04,86.42857143
2014-08-05,86.42857143
2014-08-06,86.42857143
2014-08-07,86.42857143
2014-08-08,86.42857143
2014-08-09,86.42857143
2014-08-10,86.42857143
2014-08-11,100
2014-08-12,100
2014-08-13,100
2014-08-14,100
2014-08-15,100
2014-08-16,100
2014-08-17,100
2014-08-18,104.8571429
2014-08-19,104.8571429
2014-08-20,104.8571429
2014-08-21,104.8571429
2014-08-22,104.8571429
2014-08-23,104.8571429
2014-08-24,104.8571429
2014-08-25,113.1428571
2014-08-26,113.1428571
2014-08-27,113.1428571
2014-08-28,113.1428571
2014-08-29,113.1428571
2014-08-30,113.1428571
2014-08-31,113.1428571
2014-09-01,110.8571429
2014-09-02,110.8571429
2014-09-03,110.8571429
2014-09-04,110.8571429
2014-09-05,110.8571429
2014-09-06,110.8571429
2014-09-07,110.8571429
2014-09-08,149.8571429
2014-09-09,149.8571429
2014-09-10,149.8571429
2014-09-11,149.8571429
2014-09-12,149.8571429
2014-09-13,149.8571429
2014-09-14,149.8571429
2014-09-15,252.1428571
2014-09-16,252.1428571
2014-09-17,252.1428571
2014-09-18,252.1428571
2014-09-19,252.1428571
2014-09-20,252.1428571
2014-09-21,252.1428571
2014-09-22,288.4285714
2014-09-23,288.4285714
2014-09-24,288.4285714
2014-09-25,288.4285714
2014-09-26,288.4285714
2014-09-27,288.4285714
2014-09-28,288.4285714
2014-09-29,262
2014-09-30,262
2014-10-01,262
2014-10-02,262
2014-10-03,262
2014-10-04,262
2014-10-05,262
2014-10-06,238
2014-10-07,238
2014-10-08,238
2014-10-09,238
2014-10-10,238
2014-10-11,238
2014-10-12,238
2014-10-13,204.5714286
2014-10-14,204.5714286
2014-10-15,204.5714286
2014-10-16,204.5714286
2014-10-17,204.5714286
2014-10-18,204.5714286
2014-10-19,204.5714286
2014-10-20,193.7142857
2014-10-21,193.7142857
2014-10-22,193.7142857
2014-10-23,193.7142857
2014-10-24,193.7142857
2014-10-25,193.7142857
2014-10-26,193.7142857
2014-10-27,209.8571429
2014-10-28,209.8571429
2014-10-29,209.8571429
2014-10-30,209.8571429
2014-10-31,209.8571429
2014-11-01,209.8571429
2014-11-02,209.8571429
2014-11-03,110.5714286
2014-11-04,110.5714286
2014-11-05,110.5714286
2014-11-06,110.5714286
2014-11-07,110.5714286
2014-11-08,110.5714286
2014-11-09,110.5714286
2014-11-10,223.8571429
2014-11-11,223.8571429
2014-11-12,223.8571429
2014-11-13,223.8571429
2014-11-14,223.8571429
2014-11-15,223.8571429
2014-11-16,223.8571429
2014-11-17,220.5714286
2014-11-18,220.5714286
2014-11-19,220.5714286
2014-11-20,220.5714286
2014-11-21,220.5714286
2014-11-22,220.5714286
2014-11-23,220.5714286
2014-11-24,248.1428571
2014-11-25,248.1428571
2014-11-26,248.1428571
2014-11-27,248.1428571
2014-11-28,248.1428571
2014-11-29,248.1428571
2014-11-30,248.1428571
2014-12-01,243
2014-12-02,243
2014-12-03,243
2014-12-04,243
2014-12-05,243
2014-12-06,243
2014-12-07,243
2014-12-08,255.7142857
2014-12-09,255.7142857
2014-12-10,255.7142857
2014-12-11,255.7142857
2014-12-12,255.7142857
2014-12-13,255.7142857
2014-12-14,255.7142857
2014-12-15,234.1428571
2014-12-16,234.1428571
2014-12-17,234.1428571
2014-12-18,234.1428571
2014-12-19,234.1428571
2014-12-20,234.1428571
2014-12-21,234.1428571
2014-12-22,206.5714286
2014-12-23,206.5714286
2014-12-24,206.5714286
2014-12-25,206.5714286
2014-12-26,206.5714286
2014-12-27,206.5714286
2014-12-28,206.5714286
2014-12-29,155.4285714
2014-12-30,155.4285714
2014-12-31,155.4285714
2015-01-01,155.4285714
2015-01-02,155.4285714
2015-01-03,155.4285714
2015-01-04,155.4285714
2015-01-05,100.5714286
2015-01-06,100.5714286
2015-01-07,100.5714286
2015-01-08,100.5714286
2015-01-09,100.5714286
2015-01-10,100.5714286
2015-01-11,100.5714286
2015-01-12,99
2015-01-13,99
2015-01-14,99
2015-01-15,99
2015-01-16,99
2015-01-17,99
2015-01-18,99
2015-01-19,222.5714286
2015-01-20,222.5714286
2015-01-21,222.5714286
2015-01-22,222.5714286
2015-01-23,222.5714286
2015-01-24,222.5714286
2015-01-25,222.5714286
2015-01-26,341.4285714
2015-01-27,341.4285714
2015-01-28,341.4285714
2015-01-29,341.4285714
2015-01-30,341.4285714
2015-01-31,341.4285714
2015-02-01,341.4285714
2015-02-02,502.8571429
2015-02-03,502.8571429
2015-02-04,502.8571429
2015-02-05,502.8571429
2015-02-06,502.8571429
2015-02-07,502.8571429
2015-02-08,502.8571429
2015-02-09,414.1428571
2015-02-10,414.1428571
2015-02-11,414.1428571
2015-02-12,414.1428571
2015-02-13,414.1428571
2015-02-14,414.1428571
2015-02-15,414.1428571
2015-02-16,425.7142857
2015-02-17,425.7142857
2015-02-18,425.7142857
2015-02-19,425.7142857
2015-02-20,425.7142857
2015-02-21,425.7142857
2015-02-22,425.7142857
2015-02-23,274.4285714
2015-02-24,274.4285714
2015-02-25,274.4285714
2015-02-26,274.4285714
2015-02-27,274.4285714
2015-02-28,274.4285714
2015-03-01,274.4285714
2015-03-02,336.8571429
2015-03-03,336.8571429
2015-03-04,336.8571429
2015-03-05,336.8571429
2015-03-06,336.8571429
2015-03-07,336.8571429
2015-03-08,336.8571429
2015-03-09,237.1428571
2015-03-10,237.1428571
2015-03-11,237.1428571
2015-03-12,237.1428571
2015-03-13,237.1428571
2015-03-14,237.1428571
2015-03-15,237.1428571
2015-03-16,352.7142857
2015-03-17,352.7142857
2015-03-18,352.7142857
2015-03-19,352.7142857
2015-03-20,352.7142857
2015-03-21,352.7142857
2015-03-22,352.7142857
2015-03-23,244
2015-03-24,244
2015-03-25,244
2015-03-26,244
2015-03-27,244
2015-03-28,244
2015-03-29,244
2015-03-30,210.7142857
2015-03-31,210.7142857
2015-04-01,210.7142857
2015-04-02,210.7142857
2015-04-03,210.7142857
2015-04-04,210.7142857
2015-04-05,210.7142857
2015-04-06,194.8571429
2015-04-07,194.8571429
2015-04-08,194.8571429
2015-04-09,194.8571429
2015-04-10,194.8571429
2015-04-11,194.8571429
2015-04-12,194.8571429
2015-04-13,219.5714286
2015-04-14,219.5714286
2015-04-15,219.5714286
2015-04-16,219.5714286
2015-04-17,219.5714286
2015-04-18,219.5714286
2015-04-19,219.5714286
2015-04-20,221.5714286
2015-04-21,221.5714286
2015-04-22,221.5714286
2015-04-23,221.5714286
2015-04-24,221.5714286
2015-04-25,221.5714286
2015-04-26,221.5714286
2015-04-27,193
2015-04-28,193
2015-04-29,193
2015-04-30,193
2015-05-01,193
2015-05-02,193
2015-05-03,193
2015-05-04,96.28571429
2015-05-05,96.28571429
2015-05-06,96.28571429
2015-05-07,96.28571429
2015-05-08,96.28571429
2015-05-09,96.28571429
2015-05-10,96.28571429
2015-05-11,134.1428571
2015-05-12,134.1428571
2015-05-13,134.1428571
2015-05-14,134.1428571
2015-05-15,134.1428571
2015-05-16,134.1428571
2015-05-17,134.1428571
2015-05-18,191.2857143
2015-05-19,191.2857143
2015-05-20,191.2857143
2015-05-21,191.2857143
2015-05-22,191.2857143
2015-05-23,191.2857143
2015-05-24,191.2857143
2015-05-25,183.1428571
2015-05-26,183.1428571
2015-05-27,183.1428571
2015-05-28,183.1428571
2015-05-29,183.1428571
2015-05-30,183.1428571
2015-05-31,183.1428571
2015-06-01,136
2015-06-02,136
2015-06-03,136
2015-06-04,136
2015-06-05,136
2015-06-06,136
2015-06-07,136
2015-06-08,137.2857143
2015-06-09,137.2857143
2015-06-10,137.2857143
2015-06-11,137.2857143
2015-06-12,137.2857143
2015-06-13,137.2857143
2015-06-14,137.2857143
2015-06-15,90.85714286
2015-06-16,90.85714286
2015-06-17,90.85714286
2015-06-18,90.85714286
2015-06-19,90.85714286
2015-06-20,90.85714286
2015-06-21,90.85714286
2015-06-22,88.42857143
2015-06-23,88.42857143
2015-06-24,88.42857143
2015-06-25,88.42857143
2015-06-26,88.42857143
2015-06-27,88.42857143
2015-06-28,88.42857143
2015-06-29,81.28571429
2015-06-30,81.28571429
2015-07-01,81.28571429
2015-07-02,81.28571429
2015-07-03,81.28571429
2015-07-04,81.28571429
2015-07-05,81.28571429
2015-07-06,74
2015-07-07,74
2015-07-08,74
2015-07-09,74
2015-07-10,74
2015-07-11,74
2015-07-12,74
2015-07-13,76
2015-07-14,76
2015-07-15,76
2015-07-16,76
2015-07-17,76
2015-07-18,76
2015-07-19,76
2015-07-20,68.14285714
2015-07-21,68.14285714
2015-07-22,68.14285714
2015-07-23,68.14285714
2015-07-24,68.14285714
2015-07-25,68.14285714
2015-07-26,68.14285714
2015-07-27,75
2015-07-28,75
2015-07-29,75
2015-07-30,75
2015-07-31,75
2015-08-01,75
2015-08-02,75
2015-08-03,89.42857143
2015-08-04,89.42857143
2015-08-05,89.42857143
2015-08-06,89.42857143
2015-08-07,89.42857143
2015-08-08,89.42857143
2015-08-09,89.42857143
2015-08-10,96
2015-08-11,96
2015-08-12,96
2015-08-13,96
2015-08-14,96
2015-08-15,96
2015-08-16,96
2015-08-17,114.1428571
2015-08-18,114.1428571
2015-08-19,114.1428571
2015-08-20,114.1428571
2015-08-21,114.1428571
2015-08-22,114.1428571
2015-08-23,114.1428571
2015-08-24,129.1428571
2015-08-25,129.1428571
2015-08-26,129.1428571
2015-08-27,129.1428571
2015-08-28,129.1428571
2015-08-29,129.1428571
2015-08-30,129.1428571
2015-08-31,124.1428571
2015-09-01,124.1428571
2015-09-02,124.1428571
2015-09-03,124.1428571
2015-09-04,124.1428571
2015-09-05,124.1428571
2015-09-06,124.1428571
2015-09-07,181.7142857
2015-09-08,181.7142857
2015-09-09,181.7142857
2015-09-10,181.7142857
2015-09-11,181.7142857
2015-09-12,181.7142857
2015-09-13,181.7142857
2015-09-14,293.1428571
2015-09-15,293.1428571
2015-09-16,293.1428571
2015-09-17,293.1428571
2015-09-18,293.1428571
2015-09-19,293.1428571
2015-09-20,293.1428571
2015-09-21,298.4285714
2015-09-22,298.4285714
2015-09-23,298.4285714
2015-09-24,298.4285714
2015-09-25,298.4285714
2015-09-26,298.4285714
2015-09-27,298.4285714
2015-09-28,241.1428571
2015-09-29,241.1428571
2015-09-30,241.1428571
2015-10-01,241.1428571
2015-10-02,241.1428571
2015-10-03,241.1428571
2015-10-04,241.1428571
2015-10-05,252
2015-10-06,252
2015-10-07,252
2015-10-08,252
2015-10-09,252
2015-10-10,252
2015-10-11,252
2015-10-12,207.5714286
2015-10-13,207.5714286
2015-10-14,207.5714286
2015-10-15,207.5714286
2015-10-16,207.5714286
2015-10-17,207.5714286
2015-10-18,207.5714286
2015-10-19,181.4285714
2015-10-20,181.4285714
2015-10-21,181.4285714
2015-10-22,181.4285714
2015-10-23,181.4285714
2015-10-24,181.4285714
2015-10-25,181.4285714
2015-10-26,187.5714286
2015-10-27,187.5714286
2015-10-28,187.5714286
2015-10-29,187.5714286
2015-10-30,187.5714286
2015-10-31,187.5714286
2015-11-01,187.5714286
2015-11-02,139.8571429
2015-11-03,139.8571429
2015-11-04,139.8571429
2015-11-05,139.8571429
2015-11-06,139.8571429
2015-11-07,139.8571429
2015-11-08,139.8571429
2015-11-09,153.1428571
2015-11-10,153.1428571
2015-11-11,153.1428571
2015-11-12,153.1428571
2015-11-13,153.1428571
2015-11-14,153.1428571
2015-11-15,153.1428571
2015-11-16,186.8571429
2015-11-17,186.8571429
2015-11-18,186.8571429
2015-11-19,186.8571429
2015-11-20,186.8571429
2015-11-21,186.8571429
2015-11-22,186.8571429
2015-11-23,219.2857143
2015-11-24,219.2857143
2015-11-25,219.2857143
2015-11-26,219.2857143
2015-11-27,219.2857143
2015-11-28,219.2857143
2015-11-29,219.2857143
2015-11-30,245.5714286
2015-12-01,245.5714286
2015-12-02,245.5714286
2015-12-03,245.5714286
2015-12-04,245.5714286
2015-12-05,245.5714286
2015-12-06,245.5714286
2015-12-07,221.4285714
2015-12-08,221.4285714
2015-12-09,221.4285714
2015-12-10,221.4285714
2015-12-11,221.4285714
2015-12-12,221.4285714
2015-12-13,221.4285714
2015-12-14,244.8571429
2015-12-15,244.8571429
2015-12-16,244.8571429
2015-12-17,244.8571429
2015-12-18,244.8571429
2015-12-19,244.8571429
2015-12-20,244.8571429
2015-12-21,246
2015-12-22,246
2015-12-23,246
2015-12-24,246
2015-12-25,246
2015-12-26,246
2015-12-27,246
2015-12-28,158.5714286
2015-12-29,158.5714286
2015-12-30,158.5714286
2015-12-31,158.5714286
2016-01-01,158.5714286
2016-01-02,158.5714286
2016-01-03,158.5714286
2016-01-04,71.14285714
2016-01-05,71.14285714
2016-01-06,71.14285714
2016-01-07,71.14285714
2016-01-08,71.14285714
2016-01-09,71.14285714
2016-01-10,71.14285714
2016-01-11,121.4285714
2016-01-12,121.4285714
2016-01-13,121.4285714
2016-01-14,121.4285714
2016-01-15,121.4285714
2016-01-16,121.4285714
2016-01-17,121.4285714
2016-01-18,190.2857143
2016-01-19,190.2857143
2016-01-20,190.2857143
2016-01-21,190.2857143
2016-01-22,190.2857143
2016-01-23,190.2857143
2016-01-24,190.2857143
2016-01-25,314.7142857
2016-01-26,314.7142857
2016-01-27,314.7142857
2016-01-28,314.7142857
2016-01-29,314.7142857
2016-01-30,314.7142857
2016-01-31,314.7142857
2016-02-01,429.1428571
2016-02-02,429.1428571
2016-02-03,429.1428571
2016-02-04,429.1428571
2016-02-05,429.1428571
2016-02-06,429.1428571
2016-02-07,429.1428571
2016-02-08,435.4285714
2016-02-09,435.4285714
2016-02-10,435.4285714
2016-02-11,435.4285714
2016-02-12,435.4285714
2016-02-13,435.4285714
2016-02-14,435.4285714
2016-02-15,375.5714286
2016-02-16,375.5714286
2016-02-17,375.5714286
2016-02-18,375.5714286
2016-02-19,375.5714286
2016-02-20,375.5714286
2016-02-21,375.5714286
2016-02-22,288.2857143
2016-02-23,288.2857143
2016-02-24,288.2857143
2016-02-25,288.2857143
2016-02-26,288.2857143
2016-02-27,288.2857143
2016-02-28,288.2857143
2016-02-29,308.4285714
2016-03-01,308.4285714
2016-03-02,308.4285714
2016-03-03,308.4285714
2016-03-04,308.4285714
2016-03-05,308.4285714
2016-03-06,308.4285714
2016-03-07,188.4285714
2016-03-08,188.4285714
2016-03-09,188.4285714
2016-03-10,188.4285714
2016-03-11,188.4285714
2016-03-12,188.4285714
2016-03-13,188.4285714
2016-03-14,256.4285714
2016-03-15,256.4285714
2016-03-16,256.4285714
2016-03-17,256.4285714
2016-03-18,256.4285714
2016-03-19,256.4285714
2016-03-20,256.4285714
2016-03-21,207.7142857
2016-03-22,207.7142857
2016-03-23,207.7142857
2016-03-24,207.7142857
2016-03-25,207.7142857
2016-03-26,207.7142857
2016-03-27,207.7142857
2016-03-28,196.5714286
2016-03-29,196.5714286
2016-03-30,196.5714286
2016-03-31,196.5714286
2016-04-01,196.5714286
2016-04-02,196.5714286
2016-04-03,196.5714286
2016-04-04,175.5714286
2016-04-05,175.5714286
2016-04-06,175.5714286
2016-04-07,175.5714286
2016-04-08,175.5714286
2016-04-09,175.5714286
2016-04-10,175.5714286
2016-04-11,166.7142857
2016-04-12,166.7142857
2016-04-13,166.7142857
2016-04-14,166.7142857
2016-04-15,166.7142857
2016-04-16,166.7142857
2016-04-17,166.7142857
2016-04-18,178.7142857
2016-04-19,178.7142857
2016-04-20,178.7142857
2016-04-21,178.7142857
2016-04-22,178.7142857
2016-04-23,178.7142857
2016-04-24,178.7142857
2016-04-25,172.2857143
2016-04-26,172.2857143
2016-04-27,172.2857143
2016-04-28,172.2857143
2016-04-29,172.2857143
2016-04-30,172.2857143
2016-05-01,172.2857143
2016-05-02,106.1428571
2016-05-03,106.1428571
2016-05-04,106.1428571
2016-05-05,106.1428571
2016-05-06,106.1428571
2016-05-07,106.1428571
2016-05-08,106.1428571
2016-05-09,104.7142857
2016-05-10,104.7142857
2016-05-11,104.7142857
2016-05-12,104.7142857
2016-05-13,104.7142857
2016-05-14,104.7142857
2016-05-15,104.7142857
2016-05-16,119.8571429
2016-05-17,119.8571429
2016-05-18,119.8571429
2016-05-19,119.8571429
2016-05-20,119.8571429
2016-05-21,119.8571429
2016-05-22,119.8571429
2016-05-23,153.2857143
2016-05-24,153.2857143
2016-05-25,153.2857143
2016-05-26,153.2857143
2016-05-27,153.2857143
2016-05-28,153.2857143
2016-05-29,153.2857143
2016-05-30,171.1428571
2016-05-31,171.1428571
2016-06-01,171.1428571
2016-06-02,171.1428571
2016-06-03,171.1428571
2016-06-04,171.1428571
2016-06-05,171.1428571
2016-06-06,120.1428571
2016-06-07,120.1428571
2016-06-08,120.1428571
2016-06-09,120.1428571
2016-06-10,120.1428571
2016-06-11,120.1428571
2016-06-12,120.1428571
2016-06-13,88.85714286
2016-06-14,88.85714286
2016-06-15,88.85714286
2016-06-16,88.85714286
2016-06-17,88.85714286
2016-06-18,88.85714286
2016-06-19,88.85714286
2016-06-20,93
2016-06-21,93
2016-06-22,93
2016-06-23,93
2016-06-24,93
2016-06-25,93
2016-06-26,93
2016-06-27,87.85714286
2016-06-28,87.85714286
2016-06-29,87.85714286
2016-06-30,87.85714286
2016-07-01,87.85714286
2016-07-02,87.85714286
2016-07-03,87.85714286
2016-07-04,87.42857143
2016-07-05,87.42857143
2016-07-06,87.42857143
2016-07-07,87.42857143
2016-07-08,87.42857143
2016-07-09,87.42857143
2016-07-10,87.42857143
2016-07-11,70
2016-07-12,70
2016-07-13,70
2016-07-14,70
2016-07-15,70
2016-07-16,70
2016-07-17,70
2016-07-18,78.28571429
2016-07-19,78.28571429
2016-07-20,78.28571429
2016-07-21,78.28571429
2016-07-22,78.28571429
2016-07-23,78.28571429
2016-07-24,78.28571429
2016-07-25,84.14285714
2016-07-26,84.14285714
2016-07-27,84.14285714
2016-07-28,84.14285714
2016-07-29,84.14285714
2016-07-30,84.14285714
2016-07-31,84.14285714
2016-08-01,99.57142857
2016-08-02,99.57142857
2016-08-03,99.57142857
2016-08-04,99.57142857
2016-08-05,99.57142857
2016-08-06,99.57142857
2016-08-07,99.57142857
2016-08-08,107.7142857
2016-08-09,107.7142857
2016-08-10,107.7142857
2016-08-11,107.7142857
2016-08-12,107.7142857
2016-08-13,107.7142857
2016-08-14,107.7142857
2016-08-15,107.4285714
2016-08-16,107.4285714
2016-08-17,107.4285714
2016-08-18,107.4285714
2016-08-19,107.4285714
2016-08-20,107.4285714
2016-08-21,107.4285714
2016-08-22,126.4285714
2016-08-23,126.4285714
2016-08-24,126.4285714
2016-08-25,126.4285714
2016-08-26,126.4285714
2016-08-27,126.4285714
2016-08-28,126.4285714
2016-08-29,117.1428571
2016-08-30,117.1428571
2016-08-31,117.1428571
2016-09-01,117.1428571
2016-09-02,117.1428571
2016-09-03,117.1428571
2016-09-04,117.1428571
2016-09-05,129.4285714
2016-09-06,129.4285714
2016-09-07,129.4285714
2016-09-08,129.4285714
2016-09-09,129.4285714
2016-09-10,129.4285714
2016-09-11,129.4285714
2016-09-12,221.8571429
2016-09-13,221.8571429
2016-09-14,221.8571429
2016-09-15,221.8571429
2016-09-16,221.8571429
2016-09-17,221.8571429
2016-09-18,221.8571429
2016-09-19,282.7142857
2016-09-20,282.7142857
2016-09-21,282.7142857
2016-09-22,282.7142857
2016-09-23,282.7142857
2016-09-24,282.7142857
2016-09-25,282.7142857
2016-09-26,270.1428571
2016-09-27,270.1428571
2016-09-28,270.1428571
2016-09-29,270.1428571
2016-09-30,270.1428571
2016-10-01,270.1428571
2016-10-02,270.1428571
2016-10-03,257
2016-10-04,257
2016-10-05,257
2016-10-06,257
2016-10-07,257
2016-10-08,257
2016-10-09,257
2016-10-10,237.1428571
2016-10-11,237.1428571
2016-10-12,237.1428571
2016-10-13,237.1428571
2016-10-14,237.1428571
2016-10-15,237.1428571
2016-10-16,237.1428571
2016-10-17,227.5714286
2016-10-18,227.5714286
2016-10-19,227.5714286
2016-10-20,227.5714286
2016-10-21,227.5714286
2016-10-22,227.5714286
2016-10-23,227.5714286
2016-10-24,203.8571429
2016-10-25,203.8571429
2016-10-26,203.8571429
2016-10-27,203.8571429
2016-10-28,203.8571429
2016-10-29,203.8571429
2016-10-30,203.8571429
2016-10-31,220.4285714
2016-11-01,220.4285714
2016-11-02,220.4285714
2016-11-03,220.4285714
2016-11-04,220.4285714
2016-11-05,220.4285714
2016-11-06,220.4285714
2016-11-07,180
2016-11-08,180
2016-11-09,180
2016-11-10,180
2016-11-11,180
2016-11-12,180
2016-11-13,180
2016-11-14,231.8571429
2016-11-15,231.8571429
2016-11-16,231.8571429
2016-11-17,231.8571429
2016-11-18,231.8571429
2016-11-19,231.8571429
2016-11-20,231.8571429
2016-11-21,230.8571429
2016-11-22,230.8571429
2016-11-23,230.8571429
2016-11-24,230.8571429
2016-11-25,230.8571429
2016-11-26,230.8571429
2016-11-27,230.8571429
2016-11-28,295.4285714
2016-11-29,295.4285714
2016-11-30,295.4285714
2016-12-01,295.4285714
2016-12-02,295.4285714
2016-12-03,295.4285714
2016-12-04,295.4285714
2016-12-05,295
2016-12-06,295
2016-12-07,295
2016-12-08,295
2016-12-09,295
2016-12-10,295
2016-12-11,295
2016-12-12,329.7142857
2016-12-13,329.7142857
2016-12-14,329.7142857
2016-12-15,329.7142857
2016-12-16,329.7142857
2016-12-17,329.7142857
2016-12-18,329.7142857
2016-12-19,282.2857143
2016-12-20,282.2857143
2016-12-21,282.2857143
2016-12-22,282.2857143
2016-12-23,282.2857143
2016-12-24,282.2857143
2016-12-25,282.2857143
2016-12-26,290.5714286
2016-12-27,290.5714286
2016-12-28,290.5714286
2016-12-29,290.5714286
2016-12-30,290.5714286
2016-12-31,290.5714286
2017-01-01,290.5714286
2017-01-02,77.7
2017-01-03,77.7
2017-01-04,77.7
2017-01-05,77.7
2017-01-06,77.7
2017-01-07,77.7
2017-01-08,77.7
2017-01-09,181.7142857
2017-01-10,181.7142857
2017-01-11,181.7142857
2017-01-12,181.7142857
2017-01-13,181.7142857
2017-01-14,181.7142857
2017-01-15,181.7142857
2017-01-16,270.4285714
2017-01-17,270.4285714
2017-01-18,270.4285714
2017-01-19,270.4285714
2017-01-20,270.4285714
2017-01-21,270.4285714
2017-01-22,270.4285714
2017-01-23,352
2017-01-24,352
2017-01-25,352
2017-01-26,352
2017-01-27,352
2017-01-28,352
2017-01-29,352
2017-01-30,451.1428571
2017-01-31,451.1428571
2017-02-01,451.1428571
2017-02-02,451.1428571
2017-02-03,451.1428571
2017-02-04,451.1428571
2017-02-05,451.1428571
2017-02-06,462.2857143
2017-02-07,462.2857143
2017-02-08,462.2857143
2017-02-09,462.2857143
2017-02-10,462.2857143
2017-02-11,462.2857143
2017-02-12,462.2857143
2017-02-13,411
2017-02-14,411
2017-02-15,411
2017-02-16,411
2017-02-17,411
2017-02-18,411
2017-02-19,411
2017-02-20,314
2017-02-21,314
2017-02-22,314
2017-02-23,314
2017-02-24,314
2017-02-25,314
2017-02-26,314
2017-02-27,169
2017-02-28,169
2017-03-01,169
2017-03-02,169
2017-03-03,169
2017-03-04,169
2017-03-05,169
2017-03-06,206.2857143
2017-03-07,206.2857143
2017-03-08,206.2857143
2017-03-09,206.2857143
2017-03-10,206.2857143
2017-03-11,206.2857143
2017-03-12,206.2857143
2017-03-13,207.5714286
2017-03-14,207.5714286
2017-03-15,207.5714286
2017-03-16,207.5714286
2017-03-17,207.5714286
2017-03-18,207.5714286
2017-03-19,207.5714286
2017-03-20,241.4285714
2017-03-21,241.4285714
2017-03-22,241.4285714
2017-03-23,241.4285714
2017-03-24,241.4285714
2017-03-25,241.4285714
2017-03-26,241.4285714
2017-03-27,233.8571429
2017-03-28,233.8571429
2017-03-29,233.8571429
2017-03-30,233.8571429
2017-03-31,233.8571429
2017-04-01,233.8571429
2017-04-02,233.8571429
2017-04-03,207.2857143
2017-04-04,207.2857143
2017-04-05,207.2857143
2017-04-06,207.2857143
2017-04-07,207.2857143
2017-04-08,207.2857143
2017-04-09,207.2857143
2017-04-10,231.2857143
2017-04-11,231.2857143
2017-04-12,231.2857143
2017-04-13,231.2857143
2017-04-14,231.2857143
2017-04-15,231.2857143
2017-04-16,231.2857143
2017-04-17,226.2857143
2017-04-18,226.2857143
2017-04-19,226.2857143
2017-04-20,226.2857143
2017-04-21,226.2857143
2017-04-22,226.2857143
2017-04-23,226.2857143
2017-04-24,246
2017-04-25,246
2017-04-26,246
2017-04-27,246
2017-04-28,246
2017-04-29,246
2017-04-30,246
2017-05-01,178.5714286
2017-05-02,178.5714286
2017-05-03,178.5714286
2017-05-04,178.5714286
2017-05-05,178.5714286
2017-05-06,178.5714286
2017-05-07,178.5714286
2017-05-08,151.8571429
2017-05-09,151.8571429
2017-05-10,151.8571429
2017-05-11,151.8571429
2017-05-12,151.8571429
2017-05-13,151.8571429
2017-05-14,151.8571429
2017-05-15,193.4285714
2017-05-16,193.4285714
2017-05-17,193.4285714
2017-05-18,193.4285714
2017-05-19,193.4285714
2017-05-20,193.4285714
2017-05-21,193.4285714
2017-05-22,191.7142857
2017-05-23,191.7142857
2017-05-24,191.7142857
2017-05-25,191.7142857
2017-05-26,191.7142857
2017-05-27,191.7142857
2017-05-28,191.7142857
2017-05-29,175.4285714
2017-05-30,175.4285714
2017-05-31,175.4285714
2017-06-01,175.4285714
2017-06-02,175.4285714
2017-06-03,175.4285714
2017-06-04,175.4285714
2017-06-05,156.1428571
2017-06-06,156.1428571
2017-06-07,156.1428571
2017-06-08,156.1428571
2017-06-09,156.1428571
2017-06-10,156.1428571
2017-06-11,156.1428571
2017-06-12,109.1428571
2017-06-13,109.1428571
2017-06-14,109.1428571
2017-06-15,109.1428571
2017-06-16,109.1428571
2017-06-17,109.1428571
2017-06-18,109.1428571
2017-06-19,122.1428571
2017-06-20,122.1428571
2017-06-21,122.1428571
2017-06-22,122.1428571
2017-06-23,122.1428571
2017-06-24,122.1428571
2017-06-25,122.1428571
2017-06-26,99
2017-06-27,99
2017-06-28,99
2017-06-29,99
2017-06-30,99
2017-07-01,99
2017-07-02,99
2017-07-03,93.85714286
2017-07-04,93.85714286
2017-07-05,93.85714286
2017-07-06,93.85714286
2017-07-07,93.85714286
2017-07-08,93.85714286
2017-07-09,93.85714286
2017-07-10,86
2017-07-11,86
2017-07-12,86
2017-07-13,86
2017-07-14,86
2017-07-15,86
2017-07-16,86
2017-07-17,81.71428571
2017-07-18,81.71428571
2017-07-19,81.71428571
2017-07-20,81.71428571
2017-07-21,81.71428571
2017-07-22,81.71428571
2017-07-23,81.71428571
2017-07-24,88.14285714
2017-07-25,88.14285714
2017-07-26,88.14285714
2017-07-27,88.14285714
2017-07-28,88.14285714
2017-07-29,88.14285714
2017-07-30,88.14285714
2017-07-31,85.14285714
2017-08-01,85.14285714
2017-08-02,85.14285714
2017-08-03,85.14285714
2017-08-04,85.14285714
2017-08-05,85.14285714
2017-08-06,85.14285714
2017-08-07,114.4285714
2017-08-08,114.4285714
2017-08-09,114.4285714
2017-08-10,114.4285714
2017-08-11,114.4285714
2017-08-12,114.4285714
2017-08-13,114.4285714
2017-08-14,134
2017-08-15,134
2017-08-16,134
2017-08-17,134
2017-08-18,134
2017-08-19,134
2017-08-20,134
2017-08-21,130.7142857
2017-08-22,130.7142857
2017-08-23,130.7142857
2017-08-24,130.7142857
2017-08-25,130.7142857
2017-08-26,130.7142857
2017-08-27,130.7142857
2017-08-28,133.7142857
2017-08-29,133.7142857
2017-08-30,133.7142857
2017-08-31,133.7142857
2017-09-01,133.7142857
2017-09-02,133.7142857
2017-09-03,133.7142857
2017-09-04,125.4285714
2017-09-05,125.4285714
2017-09-06,125.4285714
2017-09-07,125.4285714
2017-09-08,125.4285714
2017-09-09,125.4285714
2017-09-10,125.4285714
2017-09-11,228
2017-09-12,228
2017-09-13,228
2017-09-14,228
2017-09-15,228
2017-09-16,228
2017-09-17,228
2017-09-18,345.7142857
2017-09-19,345.7142857
2017-09-20,345.7142857
2017-09-21,345.7142857
2017-09-22,345.7142857
2017-09-23,345.7142857
2017-09-24,345.7142857
2017-09-25,328.7142857
2017-09-26,328.7142857
2017-09-27,328.7142857
2017-09-28,328.7142857
2017-09-29,328.7142857
2017-09-30,328.7142857
2017-10-01,328.7142857
2017-10-02,285
2017-10-03,285
2017-10-04,285
2017-10-05,285
2017-10-06,285
2017-10-07,285
2017-10-08,285
2017-10-09,283.2857143
2017-10-10,283.2857143
2017-10-11,283.2857143
2017-10-12,283.2857143
2017-10-13,283.2857143
2017-10-14,283.2857143
2017-10-15,283.2857143
2017-10-16,247.2857143
2017-10-17,247.2857143
2017-10-18,247.2857143
2017-10-19,247.2857143
2017-10-20,247.2857143
2017-10-21,247.2857143
2017-10-22,247.2857143
2017-10-23,257.5714286
2017-10-24,257.5714286
2017-10-25,257.5714286
2017-10-26,257.5714286
2017-10-27,257.5714286
2017-10-28,257.5714286
2017-10-29,257.5714286
2017-10-30,249.7142857
2017-10-31,249.7142857
2017-11-01,249.7142857
2017-11-02,249.7142857
2017-11-03,249.7142857
2017-11-04,249.7142857
2017-11-05,249.7142857
2017-11-06,262.2142857
2017-11-07,262.2142857
2017-11-08,262.2142857
2017-11-09,262.2142857
2017-11-10,262.2142857
2017-11-11,262.2142857
2017-11-12,262.2142857
2017-11-13,274.7142857
2017-11-14,274.7142857
2017-11-15,274.7142857
2017-11-16,274.7142857
2017-11-17,274.7142857
2017-11-18,274.7142857
2017-11-19,274.7142857
2017-11-20,278.4285714
2017-11-21,278.4285714
2017-11-22,278.4285714
2017-11-23,278.4285714
2017-11-24,278.4285714
2017-11-25,278.4285714
2017-11-26,278.4285714
2017-11-27,271.5714286
2017-11-28,271.5714286
2017-11-29,271.5714286
2017-11-30,271.5714286
2017-12-01,271.5714286
2017-12-02,271.5714286
2017-12-03,271.5714286
2017-12-04,302.4285714
2017-12-05,302.4285714
2017-12-06,302.4285714
2017-12-07,302.4285714
2017-12-08,302.4285714
2017-12-09,302.4285714
2017-12-10,302.4285714
2017-12-11,306.5714286
2017-12-12,306.5714286
2017-12-13,306.5714286
2017-12-14,306.5714286
2017-12-15,306.5714286
2017-12-16,306.5714286
2017-12-17,306.5714286
2017-12-18,319.2857143
2017-12-19,319.2857143
2017-12-20,319.2857143
2017-12-21,319.2857143
2017-12-22,319.2857143
2017-12-23,319.2857143
2017-12-24,319.2857143
2017-12-25,288.7142857
2017-12-26,288.7142857
2017-12-27,288.7142857
2017-12-28,288.7142857
2017-12-29,288.7142857
2017-12-30,288.7142857
2017-12-31,288.7142857
2018-01-01,187.4285714
2018-01-02,187.4285714
2018-01-03,187.4285714
2018-01-04,187.4285714
2018-01-05,187.4285714
2018-01-06,187.4285714
2018-01-07,187.4285714
2018-01-08,219.2857143
2018-01-09,219.2857143
2018-01-10,219.2857143
2018-01-11,219.2857143
2018-01-12,219.2857143
2018-01-13,219.2857143
2018-01-14,219.2857143
2018-01-15,250.5714286
2018-01-16,250.5714286
2018-01-17,250.5714286
2018-01-18,250.5714286
2018-01-19,250.5714286
2018-01-20,250.5714286
2018-01-21,250.5714286
2018-01-22,285.8571429
2018-01-23,285.8571429
2018-01-24,285.8571429
2018-01-25,285.8571429
2018-01-26,285.8571429
2018-01-27,285.8571429
2018-01-28,285.8571429
2018-01-29,282.4285714
2018-01-30,282.4285714
2018-01-31,282.4285714
2018-02-01,282.4285714
2018-02-02,282.4285714
2018-02-03,282.4285714
2018-02-04,282.4285714
2018-02-05,364.1428571
2018-02-06,364.1428571
2018-02-07,364.1428571
2018-02-08,364.1428571
2018-02-09,364.1428571
2018-02-10,364.1428571
2018-02-11,364.1428571
2018-02-12,463.8571429
2018-02-13,463.8571429
2018-02-14,463.8571429
2018-02-15,463.8571429
2018-02-16,463.8571429
2018-02-17,463.8571429
2018-02-18,463.8571429
2018-02-19,498.7142857
2018-02-20,498.7142857
2018-02-21,498.7142857
2018-02-22,498.7142857
2018-02-23,498.7142857
2018-02-24,498.7142857
2018-02-25,498.7142857
2018-02-26,392.2857143
2018-02-27,392.2857143
2018-02-28,392.2857143
2018-03-01,392.2857143
2018-03-02,392.2857143
2018-03-03,392.2857143
2018-03-04,392.2857143
2018-03-05,387.7142857
2018-03-06,387.7142857
2018-03-07,387.7142857
2018-03-08,387.7142857
2018-03-09,387.7142857
2018-03-10,387.7142857
2018-03-11,387.7142857
2018-03-12,288.2857143
2018-03-13,288.2857143
2018-03-14,288.2857143
2018-03-15,288.2857143
2018-03-16,288.2857143
2018-03-17,288.2857143
2018-03-18,288.2857143
2018-03-19,310.7142857
2018-03-20,310.7142857
2018-03-21,310.7142857
2018-03-22,310.7142857
2018-03-23,310.7142857
2018-03-24,310.7142857
2018-03-25,310.7142857
2018-03-26,269.7142857
2018-03-27,269.7142857
2018-03-28,269.7142857
2018-03-29,269.7142857
2018-03-30,269.7142857
2018-03-31,269.7142857
2018-04-01,269.7142857
2018-04-02,227.2857143
2018-04-03,227.2857143
2018-04-04,227.2857143
2018-04-05,227.2857143
2018-04-06,227.2857143
2018-04-07,227.2857143
2018-04-08,227.2857143
